Customer ID,Customer Name,,,,Recency,Frequeny,CLV,Profit_nbr,Profit_pct,IPO,AOV,CLV2,Profit_nbr2,Profit_pct2,IPO2,AOV2
DP-13000,Darren Powers,Paper,8/26/24,1/7/25,-134,17,1050.64,241.45,23.00,3.41,61.8,1089.46,280.28,25.73,3.41,64.09
PO-19195,Phillina Ober,Binders,10/5/24,1/7/25,-94,10,1056.86,-49.70,-4.70,3.2,105.69,1145.35,38.79,3.39,3.2,114.54
MB-18085,Mick Brown,Art,11/16/24,1/7/25,-52,10,1428.23,117.81,8.20,3.9,142.82,1493.52,183.10,12.26,3.9,149.35
ME-17320,Maria Etezadi,Chairs,11/18/24,1/7/25,-50,22,10663.73,"1,859.47",17.40,3.73,484.71,11627.58,2823.32,24.28,3.73,528.53
JO-15145,Jack O'Briant,Art,11/3/24,1/7/25,-65,13,3254.95,581.40,17.90,4.54,250.38,3784.28,1110.73,29.35,4.54,291.10
LS-17230,Lycoris Saunders,Paper,11/14/22,1/7/25,-785,6,368.88,39.20,10.60,2.67,61.48,412.35,82.66,20.05,2.67,68.72
VS-21820,Vivek Sundaresam,Furnishings,5/23/24,1/7/25,-229,8,1055.98,-262.81,-24.90,4.75,132,1220.55,-98.24,-8.05,4.75,152.57
MS-17830,Melanie Seite,Art,10/4/23,1/7/25,-461,5,370.35,19.43,5.20,2.8,74.07,420.32,69.41,16.51,2.8,84.06
AJ-10780,Anthony Jacobs,Furnishings,10/16/24,1/7/25,-83,15,4867.34,150.71,3.10,4.13,324.49,5205.56,488.92,9.39,4.13,347.04
SV-20365,Seth Vernon,Furnishings,9/20/24,1/7/25,-109,32,11470.95,"1,199.42",10.50,3.41,358.47,13133.59,2862.06,21.79,3.41,410.42
BD-11605,Brian Dahlen,Bookcases,9/24/24,1/7/25,-105,22,3332.87,655.71,19.70,3.82,151.49,3561.75,884.59,24.84,3.82,161.90
ND-18370,Natalie DeCherney,Chairs,12/3/24,1/7/25,-35,18,4326.14,353.65,8.20,3.5,240.34,4835.36,862.87,17.84,3.5,268.63
MM-17920,Michael Moore,Binders,12/23/24,1/7/25,-15,16,3794.08,82.13,2.20,4.25,237.13,4458.70,746.74,16.75,4.25,278.67
CS-12250,Chris Selesnick,Binders,12/4/24,1/7/25,-34,28,2754.22,738.36,26.80,3.46,98.36,2801.08,785.23,28.03,3.46,100.04
BS-11590,Brendan Sweed,Bookcases,11/25/24,1/7/25,-43,10,2454.93,381.78,15.60,4.1,245.49,2613.76,540.61,20.68,4.1,261.38
EH-13990,Erica Hackney,Accessories,11/20/23,1/7/25,-414,8,825.95,150.38,18.20,2.5,103.24,917.84,242.27,26.40,2.5,114.73
DL-13315,Delfina Latchford,Furnishings,12/8/24,1/7/25,-30,17,1458.26,288.87,19.80,4.35,85.78,1463.77,294.38,20.11,4.35,86.10
DW-13195,David Wiener,Appliances,10/22/24,1/7/25,-77,9,1080.75,-86.87,-8.00,4.33,120.08,1193.77,26.15,2.19,4.33,132.64
TS-21340,Toby Swindell,Bookcases,5/18/24,1/7/25,-234,12,974.78,-184.98,-19.00,4.25,81.23,1039.01,-120.75,-11.62,4.25,86.58
HL-15040,Hunter Lopez,Chairs,11/17/24,1/7/25,-51,11,12873.3,"5,622.43",43.70,4.55,1170.3,13086.89,5836.02,44.59,4.55,1189.72
XP-21865,Xylona Preis,Furnishings,11/17/24,1/7/25,-51,34,2503.16,675.96,27.00,3.56,73.62,2523.48,696.28,27.59,3.56,74.22
MV-17485,Mark Van Huff,Furnishings,12/3/24,1/7/25,-35,15,1560.05,189.03,12.10,3.47,104,1694.15,323.12,19.07,3.47,112.94
MM-18280,Muhammed MacIntyre,Binders,10/6/24,1/7/25,-93,12,775.41,58.89,7.60,2.67,64.62,828.96,112.44,13.56,2.67,69.08
TB-21400,Tom Boeckenhauer,Furnishings,6/11/24,1/7/25,-210,17,9133.99,"2,798.37",30.60,3.24,537.29,10677.67,4342.05,40.66,3.24,628.10
JW-15220,Jane Waco,Furnishings,11/18/24,1/7/25,-50,34,8846.35,"2,530.51",28.60,4.53,260.19,10200.57,3884.72,38.08,4.53,300.02
SG-20605,Speros Goranitis,Fasteners,9/13/24,1/7/25,-116,13,3124.83,463.27,14.80,3.77,240.37,3136.18,474.62,15.13,3.77,241.24
IM-15055,Ionia McGrath,Paper,11/16/23,1/7/25,-418,4,2872.63,975.77,34.00,4.75,718.16,2874.29,977.43,34.01,4.75,718.57
CA-11965,Carol Adams,Bookcases,9/25/24,1/7/25,-104,10,3789.72,"1,143.38",30.20,2.9,378.97,4049.35,1403.01,34.65,2.9,404.94
SD-20485,Shirley Daniels,Furnishings,6/13/24,1/7/25,-208,21,6121.11,"1,985.17",32.40,3.9,291.48,7027.81,2891.86,41.15,3.9,334.66
EJ-13720,Ed Jacobs,Tables,3/3/24,1/7/25,-310,8,2162.17,387.02,17.90,3.88,270.27,2262.84,487.69,21.55,3.88,282.86
JC-15340,Jasper Cacioppo,Binders,9/7/24,1/7/25,-122,4,71.26,-0.36,-0.50,3,17.82,73.96,2.34,3.17,3,18.49
MV-18190,Mike Vittorini,Paper,12/11/24,1/7/25,-27,11,1734.57,273.86,15.80,3.36,157.69,1795.16,334.45,18.63,3.36,163.20
LC-17050,Liz Carlisle,Bookcases,11/6/24,1/7/25,-62,9,2095.06,86.78,4.10,4.78,232.78,2379.11,370.82,15.59,4.78,264.35
BD-11500,Bradley Drucker,Accessories,11/25/24,1/7/25,-43,10,4411.24,"1,142.12",25.90,4.9,441.12,4483.73,1214.61,27.09,4.9,448.37
EB-13930,Eric Barreto,Binders,7/22/24,1/7/25,-169,7,944.6,0.60,0.10,3.43,134.94,1064.90,120.90,11.35,3.43,152.13
CD-12790,Cynthia Delaney,Fasteners,11/26/23,1/7/25,-408,15,1860.73,403.84,21.70,3.27,124.05,2012.77,555.88,27.62,3.27,134.18
MH-17440,Mark Haberlin,Binders,12/19/23,1/7/25,-385,9,400.02,61.43,15.40,2.78,44.45,466.99,128.40,27.50,2.78,51.89
DB-13270,Deborah Brumfield,Binders,11/7/24,1/7/25,-61,13,4655.9,841.83,18.10,4,358.15,4846.91,1032.84,21.31,4,372.84
ND-18460,Neil Ducich,Labels,6/30/24,1/7/25,-191,8,2893.46,443.34,15.30,4.5,361.68,2913.47,463.35,15.90,4.5,364.18
CK-12760,Cyma Kinney,Accessories,10/9/24,1/7/25,-90,14,1582.11,-338.43,-21.40,4.57,113.01,1792.95,-127.59,-7.12,4.57,128.07
NM-18445,Nathan Mautz,Furnishings,7/23/24,1/7/25,-168,14,6459.34,"2,751.68",42.60,3.14,461.38,7333.21,3625.55,49.44,3.14,523.80
GA-14725,Guy Armstrong,Chairs,12/25/24,1/7/25,-13,22,1398.38,136.71,9.80,3.59,63.56,1513.15,251.48,16.62,3.59,68.78
NF-18385,Natalie Fritzler,Tables,10/12/24,1/7/25,-87,14,8322.83,"-1,695.97",-20.40,3.71,594.49,9443.91,-574.89,-6.09,3.71,674.56
SC-20095,Sanjit Chand,Chairs,1/15/24,1/7/25,-358,22,14142.33,"5,757.41",40.70,3.95,642.83,16707.27,8322.34,49.81,3.95,759.42
ML-17395,Marina Lichtenstein,Appliances,10/22/24,1/7/25,-77,20,2722.84,684.92,25.20,3.6,136.14,2836.37,798.45,28.15,3.6,141.82
ST-20530,Shui Tom,Paper,8/27/24,1/7/25,-133,12,433.34,84.44,19.50,2.75,36.11,472.97,124.07,26.23,2.75,39.41
BF-11020,Barry Französisch,Binders,10/17/24,1/7/25,-82,21,2888.51,302.02,10.50,3.71,137.55,3275.29,688.81,21.03,3.71,155.97
MN-17935,Michael Nguyen,Appliances,11/26/24,1/7/25,-42,10,2477.95,290.82,11.70,3.6,247.79,2478.16,291.04,11.74,3.6,247.82
TB-21595,Troy Blackwell,Furnishings,3/20/24,1/7/25,-293,7,1387.56,-136.41,-9.80,4.14,198.22,1598.44,74.48,4.66,4.14,228.35
AB-10015,Aaron Bergman,Storage,11/10/23,1/7/25,-424,6,886.16,129.35,14.60,2.17,147.69,964.29,207.48,21.52,2.17,160.72
LC-16930,Linda Cazamias,Furnishings,11/19/24,1/7/25,-49,14,4492.95,288.27,6.40,3.71,320.92,5244.78,1040.10,19.83,3.71,374.63
SR-20740,Steven Roelle,Paper,6/17/24,1/7/25,-204,12,4345.89,"1,990.42",45.80,4.17,362.16,5044.93,2689.47,53.31,4.17,420.41
TM-21010,Tamara Manning,Binders,9/18/24,1/7/25,-111,19,2955.23,573.30,19.40,3.53,155.54,3238.37,856.44,26.45,3.53,170.44
SA-20830,Sue Ann Reed,Paper,10/28/24,1/7/25,-71,21,4767.34,610.15,12.80,3.57,227.02,5093.86,936.67,18.39,3.57,242.56
MG-17875,Michael Grace,Binders,9/5/24,1/7/25,-124,7,1242.83,-470.77,-37.90,3.29,177.55,1403.00,-310.60,-22.14,3.29,200.43
JH-15430,Jennifer Halladay,Paper,12/25/24,1/7/25,-13,7,309.28,-24.08,-7.80,4.14,44.18,345.26,11.91,3.45,4.14,49.32
JS-16030,Joy Smith,Art,12/2/24,1/7/25,-36,18,2516.49,-311.26,-12.40,3.89,139.81,2762.74,-65.01,-2.35,3.89,153.49
VF-21715,Vicky Freymann,Chairs,12/17/24,1/7/25,-21,11,847.94,-96.28,-11.40,3.18,77.09,992.04,47.82,4.82,3.18,90.19
SC-20380,Shahid Collister,Chairs,11/30/24,1/7/25,-38,20,5992.54,236.66,3.90,4,299.63,6776.83,1020.96,15.07,4,338.84
DB-13060,Dave Brooks,Chairs,12/14/24,1/7/25,-24,13,4531.65,473.03,10.40,3.69,348.59,4623.16,564.54,12.21,3.69,355.63
GW-14605,Giulietta Weimer,Tables,12/2/24,1/7/25,-36,9,2189.02,-268.54,-12.30,4.78,243.22,2391.72,-65.85,-2.75,4.78,265.75
HR-14770,Hallie Redmond,Phones,12/17/24,1/7/25,-21,13,1299.29,185.58,14.30,2.92,99.95,1439.13,325.42,22.61,2.92,110.70
KN-16705,Kristina Nunn,Envelopes,9/23/24,1/7/25,-106,15,2280.58,329.76,14.50,3.67,152.04,2528.07,577.25,22.83,3.67,168.54
NH-18610,Nicole Hansen,Paper,6/24/24,1/7/25,-197,11,2673.29,760.17,28.40,4.73,243.03,2680.95,767.82,28.64,4.73,243.72
JS-15595,Jill Stevenson,Bookcases,9/2/24,1/7/25,-127,8,1417.65,-175.55,-12.40,4.38,177.21,1480.93,-112.27,-7.58,4.38,185.12
EJ-14155,Eva Jacobs,Tables,11/3/24,1/7/25,-65,8,2656.69,451.88,17.00,3.88,332.09,2855.16,650.35,22.78,3.88,356.90
SC-20020,Sam Craven,Appliances,11/10/22,1/7/25,-789,17,3362.96,-317.05,-9.40,3.65,197.82,3598.80,-81.21,-2.26,3.65,211.69
AJ-10945,Ashley Jarboe,Art,10/6/24,1/7/25,-93,10,1839.24,521.14,28.30,4,183.92,1980.37,662.26,33.44,4,198.04
AP-10720,Anne Pryor,Binders,11/19/24,1/7/25,-49,19,1638.55,285.79,17.40,4.47,86.24,1827.15,474.39,25.96,4.47,96.17
CL-12565,Clay Ludtke,Storage,3/21/24,1/7/25,-292,28,10880.55,"1,933.78",17.80,3.79,388.59,12335.60,3388.84,27.47,3.79,440.56
AB-10150,Aimee Bixby,Art,11/19/24,1/7/25,-49,12,966.71,313.66,32.40,3.08,80.56,976.64,323.59,33.13,3.08,81.39
CM-12715,Craig Molinari,Chairs,3/1/22,1/7/25,-1043,13,3984.45,176.31,4.40,4.38,306.5,4417.48,609.33,13.79,4.38,339.81
NP-18685,Nora Pelletier,Binders,11/19/23,1/7/25,-415,7,1228.7,514.50,41.90,3.29,175.53,1255.25,541.05,43.10,3.29,179.32
KT-16480,Kean Thornton,Art,9/21/24,1/7/25,-108,13,4642.09,194.07,4.20,2.85,357.08,4883.22,435.20,8.91,2.85,375.63
SW-20275,Scott Williamson,Paper,11/30/24,1/7/25,-38,7,1966.65,332.87,16.90,4,280.95,1967.38,333.60,16.96,4,281.05
CK-12205,Chloris Kastensmidt,Furnishings,11/21/24,1/7/25,-47,32,3154.86,141.28,4.50,3.81,98.59,3439.92,426.35,12.39,3.81,107.50
FM-14215,Filia McAdams,Appliances,12/23/24,1/7/25,-15,15,2456.64,249.68,10.20,3.2,163.78,2690.63,483.67,17.98,3.2,179.38
RB-19435,Richard Bierner,Art,12/11/24,1/7/25,-27,16,2663.09,477.24,17.90,4.13,166.44,2987.44,801.60,26.83,4.13,186.72
KA-16525,Kelly Andreada,Paper,11/24/24,1/7/25,-44,11,1519.51,234.92,15.50,5.18,138.14,1640.60,356.02,21.70,5.18,149.15
NF-18595,Nicole Fjeld,Chairs,9/7/24,1/7/25,-122,20,7003.07,"1,167.10",16.70,5.15,350.15,7939.26,2103.29,26.49,5.15,396.96
CK-12325,Christine Kargatis,Chairs,9/1/24,1/7/25,-128,12,2945.32,261.22,8.90,3.83,245.44,3457.49,773.39,22.37,3.83,288.12
DK-13225,Dean Katz,Art,12/20/24,1/7/25,-18,19,4802.39,209.90,4.40,3.68,252.76,5119.24,526.74,10.29,3.68,269.43
JF-15295,Jason Fortune-,Binders,5/19/24,1/7/25,-233,14,955.12,97.29,10.20,3,68.22,1073.06,215.23,20.06,3,76.65
NF-18475,Neil Französisch,Paper,7/23/23,1/7/25,-534,4,377.16,85.93,22.80,3.25,94.29,379.45,88.21,23.25,3.25,94.86
RB-19465,Rick Bensley,Paper,12/21/24,1/7/25,-17,23,4715.47,640.55,13.60,3.7,205.02,5219.32,1144.41,21.93,3.7,226.93
AS-10240,Alan Shonely,Furnishings,6/21/24,1/7/25,-200,13,584.61,33.72,5.80,3,44.97,602.94,52.05,8.63,3,46.38
CP-12340,Christine Phan,Tables,7/23/24,1/7/25,-168,15,5888.28,"-1,850.30",-31.40,3.93,392.55,6832.08,-906.50,-13.27,3.93,455.47
BN-11515,Bradley Nguyen,Appliances,12/21/24,1/7/25,-17,17,1459.34,340.71,23.30,4.65,85.84,1514.20,395.56,26.12,4.65,89.07
AZ-10750,Annie Zypern,Art,7/23/24,1/7/25,-168,12,1622.02,154.95,9.60,3.33,135.17,1806.92,339.85,18.81,3.33,150.58
QJ-19255,Quincy Jones,Paper,12/5/24,1/7/25,-33,13,6108.34,"1,203.68",19.70,4.69,469.87,7066.40,2161.74,30.59,4.69,543.57
EK-13795,Eileen Kiefer,Bookcases,11/16/24,1/7/25,-52,4,1303.48,97.11,7.40,4.5,325.87,1543.14,336.77,21.82,4.5,385.79
SM-20320,Sean Miller,Furnishings,10/12/24,1/7/25,-87,15,25043.05,"-1,980.74",-7.90,3.33,1669.54,29754.92,2731.13,9.18,3.33,1983.66
SC-20050,Sample Company A,Furnishings,11/20/24,1/7/25,-48,15,4624.57,"1,011.74",21.90,4.07,308.3,4969.66,1356.84,27.30,4.07,331.31
MC-17605,Matt Connell,Furnishings,9/9/24,1/7/25,-120,18,2258.19,195.45,8.70,3.33,125.46,2483.31,420.57,16.94,3.33,137.96
GM-14440,Gary McGarr,Chairs,10/8/24,1/7/25,-91,11,3582.82,347.27,9.70,3.91,325.71,4086.75,851.19,20.83,3.91,371.52
KH-16690,Kristen Hastings,Art,12/28/24,1/7/25,-10,15,5990.8,"1,227.51",20.50,4.6,399.39,6018.25,1254.96,20.85,4.6,401.22
CB-12025,Cassandra Brandow,Art,11/13/24,1/7/25,-55,26,6076.14,150.21,2.50,4.69,233.7,6395.03,469.10,7.34,4.69,245.96
TS-21205,Thomas Seio,Storage,6/15/24,1/7/25,-206,19,5371.09,862.89,16.10,3.53,282.69,5395.28,887.08,16.44,3.53,283.96
BF-11275,Beth Fritzler,Chairs,11/3/24,1/7/25,-65,4,791.99,25.87,3.30,2.75,198,854.86,88.74,10.38,2.75,213.72
VM-21835,Vivian Mathis,Art,9/4/24,1/7/25,-125,8,380.69,116.64,30.60,3.13,47.59,395.19,131.13,33.18,3.13,49.40
CC-12685,Craig Carroll,Binders,10/23/22,1/7/25,-807,12,2854.12,850.16,29.80,4.25,237.84,2869.74,865.79,30.17,4.25,239.15
BG-11740,Bruce Geld,Labels,11/3/24,1/7/25,-65,7,1006.36,119.35,11.90,3.14,143.77,1103.63,216.62,19.63,3.14,157.66
PO-18865,Patrick O'Donnell,Storage,12/30/24,1/7/25,-8,13,2493.21,437.85,17.60,4.15,191.79,2653.96,598.60,22.56,4.15,204.15
MS-17710,Maurice Satty,Furnishings,11/12/23,1/7/25,-422,15,1613.4,247.43,15.30,3.2,107.56,1693.22,327.25,19.33,3.2,112.88
CD-11920,Carlos Daly,Paper,11/20/24,1/7/25,-48,9,2033.97,426.66,21.00,3.89,226,2127.55,520.24,24.45,3.89,236.39
CA-12265,Christina Anderson,Art,11/4/24,1/7/25,-64,17,2648.29,279.62,10.60,3.82,155.78,2899.38,530.71,18.30,3.82,170.55
DK-12835,Damala Kotsonis,Art,12/9/24,1/7/25,-29,27,3256.48,881.12,27.10,3.19,120.61,3597.96,1222.61,33.98,3.19,133.26
CS-12505,Cindy Stewart,Labels,11/2/24,1/7/25,-66,9,5690.06,"-6,626.39",-116.50,4.44,632.23,6760.57,-5555.87,-82.18,4.44,751.17
JD-15895,Jonathan Doherty,Accessories,12/1/23,1/7/25,-403,32,7610.86,"1,050.27",13.80,4.69,237.84,7874.80,1314.20,16.69,4.69,246.09
MP-18175,Mike Pelletier,Tables,12/14/24,1/7/25,-24,19,5087.92,226.45,4.50,4.11,267.79,5564.33,702.86,12.63,4.11,292.86
CV-12295,Christina VanderZanden,Tables,4/20/24,1/7/25,-262,13,2830.63,493.09,17.40,4.15,217.74,3153.56,816.02,25.88,4.15,242.58
DR-12940,Daniel Raglin,Phones,11/10/24,1/7/25,-58,13,8350.87,"2,869.08",34.40,4.38,642.37,8563.17,3081.38,35.98,4.38,658.71
MG-18145,Mike Gockenbach,Tables,10/7/24,1/7/25,-92,8,3061.54,-93.60,-3.10,5.25,382.69,3239.71,84.57,2.61,5.25,404.96
MP-17470,Mark Packer,Chairs,1/11/23,1/7/25,-727,14,3206.13,600.29,18.70,5.5,229.01,3658.73,1052.89,28.78,5.5,261.34
SG-20890,Susan Gilcrest,Art,5/18/24,1/7/25,-234,5,47.95,-3.71,-7.70,3.4,9.59,49.72,-1.93,-3.89,3.4,9.94
KM-16720,Kunst Miller,Art,12/2/24,1/7/25,-36,28,4909.47,745.77,15.20,3.5,175.34,5118.19,954.49,18.65,3.5,182.79
Dl-13600,Dorris liebe,Labels,9/2/24,1/7/25,-127,6,755.6,175.24,23.20,3.17,125.93,891.34,310.97,34.89,3.17,148.56
NC-18340,Nat Carroll,Storage,5/20/24,1/7/25,-232,17,2461.4,580.31,23.60,3.18,144.79,2467.40,586.30,23.76,3.18,145.14
TG-21640,Trudy Glocke,Chairs,9/7/24,1/7/25,-122,10,2074.66,365.72,17.60,5,207.47,2302.29,593.35,25.77,5,230.23
AA-10315,Alex Avila,Appliances,6/29/24,1/7/25,-192,11,5563.56,-362.88,-6.50,2.73,505.78,5700.58,-225.86,-3.96,2.73,518.23
KB-16240,Karen Bern,Binders,12/26/24,1/7/25,-12,10,3152.62,763.91,24.20,3.4,315.26,3311.92,923.21,27.88,3.4,331.19
DD-13570,Dorothy Dickinson,Binders,11/19/24,1/7/25,-49,9,269.54,36.43,13.50,3.67,29.95,272.03,38.92,14.31,3.67,30.23
JO-15280,Jas O'Carroll,Binders,9/29/24,1/7/25,-100,11,1934.27,202.14,10.50,3.27,175.84,2242.84,510.71,22.77,3.27,203.89
KH-16330,Katharine Harms,Binders,11/20/24,1/7/25,-48,18,3312.86,454.79,13.70,3.89,184.05,3605.65,747.58,20.73,3.89,200.31
AH-10690,Anna Häberlin,Furnishings,11/15/23,1/7/25,-419,23,7888.29,"1,298.02",16.50,4.43,342.97,8675.56,2085.29,24.04,4.43,377.20
RD-19585,Rob Dowd,Appliances,7/3/24,1/7/25,-188,19,2912.89,734.52,25.20,3.84,153.31,2928.62,750.24,25.62,3.84,154.14
KE-16420,Katrina Edelman,Envelopes,12/4/24,1/7/25,-34,15,1686.73,397.88,23.60,4.47,112.45,1764.15,475.30,26.94,4.47,117.61
MZ-17515,Mary Zewe,Binders,3/23/24,1/7/25,-290,10,2564.91,787.75,30.70,3.9,256.49,2974.98,1197.83,40.26,3.9,297.50
PK-18910,Paul Knutson,Labels,9/3/23,1/7/25,-492,3,1441.15,-798.71,-55.40,4.67,480.38,1669.45,-570.41,-34.17,4.67,556.48
KB-16585,Ken Black,Paper,5/14/24,1/7/25,-238,23,2744.74,579.36,21.10,4.43,119.34,2949.46,784.07,26.58,4.43,128.24
GM-14695,Greg Maxwell,Art,9/4/24,1/7/25,-125,11,6049.97,188.72,3.10,4,550,6378.56,517.32,8.11,4,579.87
RD-19900,Ruben Dartt,Art,9/7/24,1/7/25,-122,21,3133.92,455.53,14.50,4.05,149.23,3141.96,463.57,14.75,4.05,149.62
RP-19855,Roy Phan,Binders,12/2/24,1/7/25,-36,15,2170.72,594.59,27.40,4.07,144.71,2216.14,640.01,28.88,4.07,147.74
TH-21550,Tracy Hopkins,Paper,10/19/24,1/7/25,-80,13,4234.1,-571.97,-13.50,3.38,325.7,4669.32,-136.74,-2.93,3.38,359.18
JG-15805,John Grady,Storage,5/21/24,1/7/25,-231,9,1507.02,206.10,13.70,5.11,167.45,1507.02,206.10,13.68,5.11,167.45
AY-10555,Andy Yotov,Furnishings,12/16/24,1/7/25,-22,10,497.01,103.35,20.80,3.4,49.7,537.63,143.96,26.78,3.4,53.76
SC-20260,Scott Cohen,Tables,11/14/24,1/7/25,-54,22,3756.51,679.01,18.10,3.23,170.75,4295.42,1217.91,28.35,3.23,195.25
FH-14275,Frank Hawley,Art,11/23/24,1/7/25,-45,21,4256.27,"1,073.27",25.20,3.1,202.68,4773.98,1590.97,33.33,3.1,227.33
GP-14740,Guy Phonely,Binders,11/26/22,1/7/25,-773,5,236.53,31.84,13.50,4.2,47.31,260.67,55.97,21.47,4.2,52.13
PJ-19015,Pauline Johnson,Furnishings,8/18/24,1/7/25,-142,10,1824.23,683.00,37.40,2.5,182.42,1854.11,712.87,38.45,2.5,185.41
RS-19765,Roland Schwarz,Paper,11/24/24,1/7/25,-44,14,4159.77,"1,206.39",29.00,3.86,297.13,4327.50,1374.11,31.75,3.86,309.11
VM-21685,Valerie Mitchum,Paper,11/6/24,1/7/25,-62,12,2454.87,513.53,20.90,3.08,204.57,2474.90,533.56,21.56,3.08,206.24
RA-19885,Ruben Ausman,Tables,11/17/24,1/7/25,-51,15,3832.31,"1,292.87",33.70,3.53,255.49,4329.12,1789.67,41.34,3.53,288.61
JS-15880,John Stevenson,Tables,7/14/23,1/7/25,-543,9,3868.02,564.98,14.60,4.78,429.78,4277.57,974.53,22.78,4.78,475.29
JM-15655,Jim Mitchum,Fasteners,12/22/24,1/7/25,-16,12,864.95,117.20,13.60,3.42,72.08,906.60,158.86,17.52,3.42,75.55
PC-19000,Pauline Chand,Fasteners,8/1/22,1/7/25,-890,3,1061.49,-184.34,-17.40,6,353.83,1262.48,16.66,1.32,6,420.83
SE-20110,Sanjit Engle,Binders,12/21/24,1/7/25,-17,19,12209.44,"2,650.68",21.70,4.11,642.6,14099.72,4540.95,32.21,4.11,742.09
JK-15370,Jay Kimmel,Fasteners,11/16/24,1/7/25,-52,17,2709.63,330.28,12.20,4.24,159.39,2901.00,521.65,17.98,4.24,170.65
MM-18055,Michelle Moray,Storage,10/30/24,1/7/25,-69,19,2749.88,-520.34,-18.90,3.84,144.73,3160.38,-109.85,-3.48,3.84,166.34
GM-14455,Gary Mitchum,Phones,12/14/24,1/7/25,-24,12,3078.62,793.28,25.80,4.5,256.55,3119.66,834.32,26.74,4.5,259.97
KN-16450,Kean Nguyen,Bookcases,11/8/24,1/7/25,-60,8,2171.96,114.31,5.30,6.13,271.5,2237.51,179.86,8.04,6.13,279.69
EH-13765,Edward Hooks,Art,8/17/24,1/7/25,-143,32,10310.88,"1,393.52",13.50,3.75,322.22,10804.04,1886.67,17.46,3.75,337.63
SV-20785,Stewart Visinsky,Paper,2/13/24,1/7/25,-329,25,4105.31,485.03,11.80,3.64,164.21,4668.98,1048.71,22.46,3.64,186.76
BF-11170,Ben Ferrer,Labels,12/14/24,1/7/25,-24,37,8430.14,"1,980.33",23.50,3.95,227.84,8906.71,2456.89,27.58,3.95,240.72
PS-18970,Paul Stevenson,Furnishings,10/22/24,1/7/25,-77,13,1278.64,198.51,15.50,4,98.36,1365.77,285.64,20.91,4,105.06
SP-20650,Stephanie Phelps,Art,12/9/23,1/7/25,-395,15,1872.44,268.48,14.30,4.73,124.83,1935.60,331.64,17.13,4.73,129.04
JL-15835,John Lee,Art,12/9/24,1/7/25,-29,34,9799.92,228.91,2.30,4.21,288.23,10631.85,1060.83,9.98,4.21,312.70
AG-10390,Allen Goldenen,Binders,9/7/24,1/7/25,-122,8,200.95,69.28,34.50,4.13,25.12,215.97,84.30,39.03,4.13,27.00
BP-11230,Benjamin Patterson,Furnishings,11/21/24,1/7/25,-47,6,1181.49,-197.27,-16.70,2.33,196.92,1196.96,-181.80,-15.19,2.33,199.49
AA-10375,Allen Armold,Binders,12/11/24,1/7/25,-27,15,1056.39,277.38,26.30,2.73,70.43,1071.19,292.18,27.28,2.73,71.41
DB-13555,Dorothy Badders,Storage,9/14/24,1/7/25,-115,14,3908.8,109.33,2.80,4.36,279.2,4124.10,324.62,7.87,4.36,294.58
AH-10030,Aaron Hawkins,Binders,12/18/24,1/7/25,-20,11,1744.7,365.22,20.90,4.91,158.61,1812.46,432.97,23.89,4.91,164.77
LB-16795,Laurel Beltran,Chairs,7/31/24,1/7/25,-160,24,4985.68,-52.19,-1.00,3.17,207.74,5508.19,470.32,8.54,3.17,229.51
TS-21160,Theresa Swint,Binders,8/13/23,1/7/25,-513,17,2163.62,260.87,12.10,3.53,127.27,2317.34,414.59,17.89,3.53,136.31
BT-11305,Beth Thompson,Chairs,1/28/24,1/7/25,-345,9,2567.66,417.59,16.30,3.67,285.3,2866.28,716.22,24.99,3.67,318.48
DA-13450,Dianna Arnett,Art,1/12/24,1/7/25,-361,8,156.76,56.79,36.20,3.38,19.6,158.69,58.72,37.00,3.38,19.84
LC-16885,Lena Creighton,Phones,12/14/24,1/7/25,-24,23,7663.13,"1,288.35",16.80,4.04,333.18,8701.68,2326.90,26.74,4.04,378.33
AG-10300,Aleksandra Gannaway,Chairs,9/3/24,1/7/25,-126,5,367.55,59.29,16.10,3.2,73.51,433.65,125.39,28.92,3.2,86.73
MH-17290,Marc Harrigan,Art,9/2/24,1/7/25,-127,13,2394.03,28.76,1.20,4.23,184.16,2576.85,211.59,8.21,4.23,198.22
MY-18295,Muhammed Yedwab,Art,10/20/24,1/7/25,-79,21,4152.7,-371.71,-9.00,4.24,197.75,4626.95,102.54,2.22,4.24,220.33
GB-14530,George Bell,Labels,10/29/24,1/7/25,-70,20,1568.44,7.84,0.50,3.1,78.42,1730.73,170.13,9.83,3.1,86.54
DS-13180,David Smith,Accessories,12/7/24,1/7/25,-31,20,2881.81,163.70,5.70,3.4,144.09,3258.38,540.27,16.58,3.4,162.92
AI-10855,Arianne Irving,Phones,12/17/24,1/7/25,-21,18,4375.79,867.73,19.80,4,243.1,4490.54,982.48,21.88,4,249.47
LA-16780,Laura Armstrong,Chairs,7/29/24,1/7/25,-162,26,8673.22,"2,059.12",23.70,4.04,333.59,9657.51,3043.40,31.51,4.04,371.44
HG-14845,Harry Greene,Chairs,11/6/24,1/7/25,-62,10,785.63,147.00,18.70,3.1,78.56,869.17,230.55,26.52,3.1,86.92
LL-16840,Lauren Leatherbury,Furnishings,4/25/24,1/7/25,-257,12,2741.2,560.01,20.40,4.17,228.43,2865.16,683.96,23.87,4.17,238.76
KH-16360,Katherine Hughes,Phones,12/29/24,1/7/25,-9,14,3100.61,528.21,17.00,2.86,221.47,3481.83,909.43,26.12,2.86,248.70
JM-16195,Justin MacKendrick,Art,11/3/24,1/7/25,-65,19,2833.93,754.11,26.60,3.89,149.15,2844.57,764.76,26.88,3.89,149.71
AR-10510,Andrew Roberts,Appliances,12/16/24,1/7/25,-22,7,264.86,43.67,16.50,4.71,37.84,267.68,46.49,17.37,4.71,38.24
CS-11860,Cari Schnelling,Copiers,7/21/24,1/7/25,-170,7,537.63,105.83,19.70,2.29,76.8,538.51,106.71,19.82,2.29,76.93
NC-18415,Nathan Cano,Binders,11/19/24,1/7/25,-49,14,2218.99,"-2,204.81",-99.40,2.71,158.5,2593.97,-1829.83,-70.54,2.71,185.28
JS-15940,Joni Sundaresam,Labels,9/23/23,1/7/25,-472,8,469.17,-327.93,-69.90,4.63,58.65,471.61,-325.49,-69.02,4.63,58.95
AA-10480,Andrew Allen,Furnishings,4/15/24,1/7/25,-267,12,1790.51,435.83,24.30,3,149.21,1880.08,525.40,27.95,3,156.67
BS-11365,Bill Shonely,Furnishings,6/20/23,1/7/25,-567,9,10501.65,"2,616.06",24.90,4.33,1166.85,12504.12,4618.53,36.94,4.33,1389.35
PM-18940,Paul MacIntyre,Binders,12/9/23,1/7/25,-395,4,1405.4,157.88,11.20,4,351.35,1686.48,438.96,26.03,4,421.62
EB-13870,Emily Burns,Chairs,9/21/24,1/7/25,-108,11,2767.22,261.53,9.50,3.73,251.57,3209.62,703.94,21.93,3.73,291.78
PF-19120,Peter Fuller,Art,9/17/22,1/7/25,-843,19,9062.86,-614.29,-6.80,3.95,476.99,10349.34,672.18,6.49,3.95,544.70
GD-14590,Giulietta Dortch,Binders,12/25/24,1/7/25,-13,6,1888.07,230.94,12.20,4.17,314.68,1891.22,234.08,12.38,4.17,315.20
SN-20710,Steve Nguyen,Art,10/12/24,1/7/25,-87,19,3127.96,481.75,15.40,4.68,164.63,3481.16,834.95,23.98,4.68,183.22
HP-14815,Harold Pawlan,Binders,11/30/24,1/7/25,-38,10,1990.31,373.86,18.80,4.4,199.03,2282.23,665.78,29.17,4.4,228.22
CT-11995,Carol Triggs,Chairs,9/25/24,1/7/25,-104,30,4503.62,400.86,8.90,3.47,150.12,5128.11,1025.35,19.99,3.47,170.94
SB-20290,Sean Braxton,Labels,11/13/24,1/7/25,-55,17,8057.89,"-2,082.75",-25.80,4.94,473.99,9386.63,-754.01,-8.03,4.94,552.15
PG-18820,Patrick Gardner,Accessories,11/24/24,1/7/25,-44,26,3086.91,137.46,4.50,3.19,118.73,3261.97,312.53,9.58,3.19,125.46
AF-10885,Art Foster,Bookcases,11/10/23,1/7/25,-424,7,861.57,-163.12,-18.90,5.29,123.08,1001.93,-22.75,-2.27,5.29,143.13
GM-14680,Greg Matthias,Chairs,7/31/24,1/7/25,-160,11,3163.63,35.49,1.10,2.82,287.6,3385.89,257.74,7.61,2.82,307.81
VW-21775,Victoria Wilson,Chairs,12/2/24,1/7/25,-36,18,6134.04,-874.66,-14.30,4.28,340.78,6841.22,-167.48,-2.45,4.28,380.07
PG-18895,Paul Gonzalez,Furnishings,11/3/24,1/7/25,-65,17,1987.16,334.52,16.80,3.59,116.89,2005.76,353.11,17.60,3.59,117.99
BG-11695,Brooke Gillingham,Appliances,11/24/24,1/7/25,-44,8,1874.17,107.57,5.70,3,234.27,2045.90,279.30,13.65,3,255.74
HD-14785,Harold Dahlen,Binders,11/22/22,1/7/25,-777,7,251.36,-135.88,-54.10,4.43,35.91,275.94,-111.30,-40.33,4.43,39.42
RM-19375,Raymond Messe,Accessories,1/19/24,1/7/25,-354,9,1453.47,392.15,27.00,3.22,161.5,1524.45,463.13,30.38,3.22,169.38
EH-14005,Erica Hernandez,Binders,12/28/24,1/7/25,-10,11,1219.53,-94.14,-7.70,4.55,110.87,1371.12,57.45,4.19,4.55,124.65
AG-10270,Alejandro Grove,Storage,9/20/24,1/7/25,-109,18,2720.39,792.48,29.10,4.33,151.13,2755.42,827.52,30.03,4.33,153.08
NP-18325,Naresj Patel,Accessories,12/5/24,1/7/25,-33,21,5529.62,"1,208.89",21.90,3.67,263.32,6027.31,1706.58,28.31,3.67,287.01
AJ-10795,Anthony Johnson,Furnishings,7/17/24,1/7/25,-174,21,4501.39,"1,158.71",25.70,4.19,214.35,5109.51,1766.82,34.58,4.19,243.31
PW-19030,Pauline Webber,Chairs,11/14/24,1/7/25,-54,13,3454.92,803.82,23.30,3.69,265.76,3542.84,891.74,25.17,3.69,272.53
CC-12475,Cindy Chapman,Accessories,11/21/24,1/7/25,-47,13,1659.44,154.85,9.30,3.08,127.65,1908.27,403.68,21.15,3.08,146.79
PA-19060,Pete Armstrong,Binders,9/18/24,1/7/25,-111,7,729.41,225.86,31.00,3.86,104.2,761.92,258.37,33.91,3.86,108.85
TT-21070,Ted Trevino,Furnishings,11/29/24,1/7/25,-39,14,4915.6,751.96,15.30,4.71,351.11,5634.50,1470.85,26.10,4.71,402.46
GA-14515,George Ashbrook,Paper,8/3/24,1/7/25,-157,14,3919.78,840.90,21.50,3.43,279.98,3954.33,875.45,22.14,3.43,282.45
BS-11755,Bruce Stewart,Phones,12/29/24,1/7/25,-9,14,2562.38,-113.30,-4.40,3.21,183.03,2713.42,37.74,1.39,3.21,193.82
JH-15820,John Huston,Binders,7/9/24,1/7/25,-182,8,528.91,26.08,4.90,3.63,66.11,540.39,37.57,6.95,3.63,67.55
TD-20995,Tamara Dahlen,Supplies,11/23/24,1/7/25,-45,16,1434.55,88.19,6.10,4.19,89.66,1671.84,325.48,19.47,4.19,104.49
RF-19345,Randy Ferguson,Furnishings,12/5/23,1/7/25,-399,16,3309.15,633.71,19.20,4.19,206.82,3387.96,712.52,21.03,4.19,211.75
MC-17590,Matt Collister,Furnishings,11/9/24,1/7/25,-59,17,2426.07,288.98,11.90,2.76,142.71,2669.81,532.73,19.95,2.76,157.05
CC-12430,Chuck Clark,Chairs,12/30/24,1/7/25,-8,25,4606.95,314.22,6.80,3.32,184.28,5183.22,890.49,17.18,3.32,207.33
FG-14260,Frank Gastineau,Appliances,11/26/24,1/7/25,-42,17,2124.78,692.43,32.60,4.12,124.99,2325.46,893.11,38.41,4.12,136.79
BT-11530,Bradley Talbott,Art,9/30/24,1/7/25,-99,10,2684.49,409.50,15.30,4.4,268.45,2862.94,587.94,20.54,4.4,286.29
MW-18235,Mitch Willingham,Binders,11/16/24,1/7/25,-52,3,5253.88,"1,665.52",31.70,4.33,1751.29,6181.06,2592.70,41.95,4.33,2060.35
EH-14185,Evan Henry,Phones,9/16/24,1/7/25,-113,8,923.88,242.11,26.20,2.75,115.49,1045.77,363.99,34.81,2.75,130.72
GT-14710,Greg Tran,Appliances,11/24/24,1/7/25,-44,29,11820.12,"2,163.43",18.30,3.66,407.59,13793.33,4136.63,29.99,3.66,475.63
RP-19390,Resi Pölking,Paper,11/27/24,1/7/25,-41,25,5153.08,465.25,9.00,3.52,206.12,6016.37,1328.54,22.08,3.52,240.65
JL-15235,Janet Lee,Furnishings,9/2/24,1/7/25,-127,10,2203.7,54.52,2.50,3.9,220.37,2391.03,241.85,10.11,3.9,239.10
BW-11065,Barry Weirich,Paper,6/1/24,1/7/25,-220,3,385.52,-58.29,-15.10,2.67,128.51,385.52,-58.29,-15.12,2.67,128.51
HF-14995,Herbert Flentye,Chairs,12/9/24,1/7/25,-29,19,2533.16,-13.88,-0.50,3.68,133.32,2904.05,357.01,12.29,3.68,152.84
Dp-13240,Dean percer,Paper,10/7/24,1/7/25,-92,29,7198.76,333.36,4.60,3.41,248.23,8251.38,1385.98,16.80,3.41,284.53
MH-17785,Maya Herman,Tables,9/23/24,1/7/25,-106,11,2203.78,238.56,10.80,3.82,200.34,2470.23,505.01,20.44,3.82,224.57
LE-16810,Laurel Elliston,Binders,12/9/24,1/7/25,-29,9,1469.45,161.76,11.00,3.56,163.27,1638.05,330.36,20.17,3.56,182.01
MM-17260,Magdelene Morse,Binders,7/15/24,1/7/25,-176,6,1314.02,178.40,13.60,2.83,219,1535.17,399.55,26.03,2.83,255.86
PJ-18835,Patrick Jones,Accessories,11/21/24,1/7/25,-47,13,1220.09,442.14,36.20,3.54,93.85,1228.24,450.28,36.66,3.54,94.48
SS-20410,Shahid Shariari,Tables,9/11/24,1/7/25,-118,12,3056.81,"-1,010.97",-33.10,3.83,254.73,3440.76,-627.02,-18.22,3.83,286.73
LW-16825,Laurel Workman,Appliances,10/3/24,1/7/25,-96,15,2238.06,32.58,1.50,3.33,149.2,2314.89,109.41,4.73,3.33,154.33
JG-15160,James Galang,Binders,12/29/24,1/7/25,-9,18,6366.39,"1,415.67",22.20,3.89,353.69,6459.18,1508.45,23.35,3.89,358.84
EB-13840,Ellis Ballard,Paper,10/1/24,1/7/25,-98,8,4358.13,656.20,15.10,5.13,544.77,5143.31,1441.38,28.02,5.13,642.91
MC-17425,Mark Cousins,Copiers,11/26/23,1/7/25,-408,10,4432.14,"1,802.39",40.70,4.8,443.21,5111.28,2481.53,48.55,4.8,511.13
JK-15625,Jim Karlsson,Phones,10/30/24,1/7/25,-69,12,3760.03,750.95,20.00,3.67,313.34,4155.87,1146.79,27.59,3.67,346.32
DW-13480,Dianna Wilson,Chairs,5/27/24,1/7/25,-225,11,5271.63,"1,348.76",25.60,3.45,479.24,5818.54,1895.67,32.58,3.45,528.96
LT-17110,Liz Thompson,Furnishings,11/26/24,1/7/25,-42,14,2936.25,320.97,10.90,4.5,209.73,3247.23,631.95,19.46,4.5,231.95
CR-12625,Corey Roper,Art,9/16/23,1/7/25,-479,4,475.9,144.76,30.40,3.5,118.98,509.35,178.21,34.99,3.5,127.34
RE-19450,Richard Eichhorn,Furnishings,3/3/24,1/7/25,-310,9,876.7,209.23,23.90,5.22,97.41,876.70,209.23,23.87,5.22,97.41
SC-20725,Steven Cartwright,Tables,6/26/24,1/7/25,-195,26,5226.21,"1,276.65",24.40,5.12,201.01,5486.94,1537.38,28.02,5.12,211.04
RB-19795,Ross Baird,Envelopes,11/28/24,1/7/25,-40,18,5633.32,-461.73,-8.20,5.11,312.96,6094.91,-0.14,0.00,5.11,338.61
BT-11440,Bobby Trafton,Bookcases,6/18/23,1/7/25,-569,7,603.88,-77.53,-12.80,2.29,86.27,691.98,10.58,1.53,2.29,98.85
GT-14635,Grant Thornton,Tables,11/4/24,1/7/25,-64,6,9351.21,"-4,108.66",-43.90,4.33,1558.54,11184.54,-2275.33,-20.34,4.33,1864.09
BM-11785,Bryan Mills,Art,5/26/24,1/7/25,-226,14,1338.84,137.74,10.30,3.14,95.63,1390.20,189.11,13.60,3.14,99.30
SB-20170,Sarah Bern,Binders,6/12/24,1/7/25,-209,7,1348.02,157.67,11.70,3.43,192.57,1527.21,336.86,22.06,3.43,218.17
VT-21700,Valerie Takahito,Labels,4/5/22,1/7/25,-1008,9,1736.6,-224.09,-12.90,4.67,192.96,1809.17,-151.51,-8.37,4.67,201.02
NR-18550,Nick Radford,Tables,6/3/24,1/7/25,-218,13,2367.28,-25.15,-1.10,2.85,182.1,2631.03,238.60,9.07,2.85,202.39
BP-11095,Bart Pistole,Binders,12/13/24,1/7/25,-25,24,3350.87,702.96,21.00,3.54,139.62,3425.54,777.63,22.70,3.54,142.73
CS-11950,Carlos Soltero,Chairs,12/5/24,1/7/25,-33,22,3036.55,-126.42,-4.20,3.09,138.02,3254.92,91.95,2.82,3.09,147.95
RD-19480,Rick Duston,Binders,10/19/24,1/7/25,-80,15,4272.93,480.59,11.20,4,284.86,4359.79,567.45,13.02,4,290.65
BH-11710,Brosina Hoffman,Furnishings,12/7/24,1/7/25,-31,24,6255.35,802.79,12.80,4.04,260.64,6857.74,1405.18,20.49,4.04,285.74
FO-14305,Frank Olsen,Tables,11/22/24,1/7/25,-46,15,2678.44,215.60,8.00,4,178.56,2984.66,521.82,17.48,4,198.98
CW-11905,Carl Weiss,Art,12/8/24,1/7/25,-30,11,1136.59,370.83,32.60,3.64,103.33,1198.87,433.11,36.13,3.64,108.99
CM-12445,Chuck Magee,Art,10/20/23,1/7/25,-445,9,287.99,64.43,22.40,3.56,32,299.33,75.77,25.31,3.56,33.26
HK-14890,Heather Kirkland,Labels,8/1/24,1/7/25,-159,15,4877.78,956.95,19.60,4.27,325.19,5086.27,1165.43,22.91,4.27,339.08
SR-20425,Sharelle Roach,Bookcases,12/22/24,1/7/25,-16,9,3233.48,"-3,333.91",-103.10,3.78,359.28,3854.05,-2713.35,-70.40,3.78,428.23
KL-16555,Kelly Lampkin,Chairs,12/14/24,1/7/25,-24,22,5016.49,-182.78,-3.60,3.82,228.02,5457.28,258.01,4.73,3.82,248.06
PS-18760,Pamela Stobb,Paper,9/14/24,1/7/25,-115,21,2181.48,-134.44,-6.20,3.57,103.88,2506.38,190.46,7.60,3.57,119.35
SC-20575,Sonia Cooley,Chairs,9/29/24,1/7/25,-100,7,902.73,100.23,11.10,4.29,128.96,1055.96,253.46,24.00,4.29,150.85
GH-14425,Gary Hwang,Furnishings,11/10/24,1/7/25,-58,10,4172.85,"1,176.42",28.20,5.1,417.28,4828.69,1832.26,37.95,5.1,482.87
JF-15415,Jennifer Ferguson,Paper,12/28/24,1/7/25,-10,14,2371.45,635.64,26.80,4.93,169.39,2708.01,972.20,35.90,4.93,193.43
DB-13660,Duane Benoit,Machines,12/18/24,1/7/25,-20,10,1155.2,177.67,15.40,3.3,115.52,1306.01,328.49,25.15,3.3,130.60
MC-18100,Mick Crebagga,Phones,11/19/24,1/7/25,-49,19,2218.98,-64.17,-2.90,3.84,116.79,2382.71,99.57,4.18,3.84,125.41
NC-19470,Neil Cohen,Paper,12/2/24,1/7/25,-36,6,382.14,-52.74,-13.80,4.33,63.69,382.14,-52.74,-13.80,4.33,63.69
Co-12640,Corey-Lock,Appliances,6/29/23,1/7/25,-558,8,1300.08,205.63,15.80,3.75,162.51,1413.03,318.58,22.55,3.75,176.63
NW-18400,Natalie Webber,Furnishings,7/11/24,1/7/25,-180,22,7234.01,"1,023.12",14.10,3.55,328.82,7752.96,1542.07,19.89,3.55,352.41
TB-21280,Toby Braunhardt,Appliances,5/26/23,1/7/25,-592,11,2198.45,490.96,22.30,3.18,199.86,2207.29,499.80,22.64,3.18,200.66
AA-10645,Anna Andreadi,Chairs,11/5/24,1/7/25,-63,18,5086.94,857.80,16.90,3.56,282.61,5835.13,1606.00,27.52,3.56,324.17
DV-13465,Dianna Vittorini,Storage,12/1/24,1/7/25,-37,15,3341.59,353.21,10.60,4.13,222.77,3398.30,409.93,12.06,4.13,226.55
JE-15745,Joel Eaton,Accessories,11/9/24,1/7/25,-59,23,6760.82,221.80,3.30,3.91,293.95,7751.10,1212.08,15.64,3.91,337.00
DL-13330,Denise Leinenbach,Art,11/3/24,1/7/25,-65,8,585.02,222.68,38.10,4,73.13,601.80,239.46,39.79,4,75.23
BS-11665,Brian Stugart,Accessories,5/27/23,1/7/25,-591,11,3288.11,238.74,7.30,4.27,298.92,3333.22,283.85,8.52,4.27,303.02
LP-17080,Liz Pelletier,Furnishings,11/20/24,1/7/25,-48,9,756.61,110.78,14.60,4.33,84.07,875.15,229.33,26.20,4.33,97.24
NS-18640,Noel Staavos,Tables,7/9/24,1/7/25,-182,26,2964.82,-234.77,-7.90,4.35,114.03,3225.41,25.82,0.80,4.35,124.05
GK-14620,Grace Kelly,Art,9/9/24,1/7/25,-120,14,6497.27,"1,448.55",22.30,4.71,464.09,7072.61,2023.89,28.62,4.71,505.19
LM-17065,Liz MacKendrick,Tables,12/4/23,1/7/25,-400,7,1346.77,-44.88,-3.30,4.57,192.4,1367.08,-24.58,-1.80,4.57,195.30
CA-12775,Cynthia Arntzen,Chairs,9/1/24,1/7/25,-128,17,3041.57,204.49,6.70,4.24,178.92,3476.99,639.92,18.40,4.24,204.53
RW-19630,Rob Williams,Fasteners,10/2/24,1/7/25,-97,16,3279.75,698.83,21.30,3.31,204.98,3713.40,1132.49,30.50,3.31,232.09
DL-12865,Dan Lawera,Art,9/21/24,1/7/25,-108,14,1503.11,322.24,21.40,3.64,107.37,1639.61,458.74,27.98,3.64,117.11
AR-10825,Anthony Rawles,Art,11/2/24,1/7/25,-66,13,4523.34,494.84,10.90,4.15,347.95,4848.68,820.18,16.92,4.15,372.98
RA-19915,Russell Applegate,Art,12/18/24,1/7/25,-20,22,4793.54,304.87,6.40,3.41,217.89,5168.95,680.27,13.16,3.41,234.95
HA-14905,Helen Abelman,Binders,10/22/24,1/7/25,-77,10,2163.3,270.86,12.50,4.5,216.33,2346.71,454.27,19.36,4.5,234.67
MS-17980,Michael Stewart,Fasteners,12/4/24,1/7/25,-34,11,855.12,55.23,6.50,4.45,77.74,903.11,103.22,11.43,4.45,82.10
BD-11620,Brian DeCherney,Paper,10/22/24,1/7/25,-77,8,1538.11,206.76,13.40,3.38,192.26,1633.59,302.24,18.50,3.38,204.20
EH-13945,Eric Hoffmann,Art,5/27/24,1/7/25,-225,17,684.17,53.54,7.80,4.24,40.25,705.32,74.69,10.59,4.24,41.49
MS-17770,Maxwell Schwartz,Binders,8/31/24,1/7/25,-129,19,3144.68,280.86,8.90,3.84,165.51,3438.43,574.61,16.71,3.84,180.97
DM-13525,Don Miller,Furnishings,9/5/23,1/7/25,-490,10,1376.79,199.77,14.50,3.3,137.68,1378.75,201.73,14.63,3.3,137.88
DP-13390,Dennis Pardue,Binders,1/6/24,1/7/25,-367,14,5480.72,"1,571.83",28.70,3.57,391.48,6507.04,2598.15,39.93,3.57,464.79
MC-17845,Michael Chen,Labels,12/29/24,1/7/25,-9,14,3805.71,698.42,18.40,3.21,271.84,4274.01,1166.72,27.30,3.21,305.29
DC-12850,Dan Campbell,Storage,11/23/24,1/7/25,-45,18,3336.17,"-1,441.63",-43.20,3.56,185.34,3804.11,-973.69,-25.60,3.56,211.34
BC-11125,Becky Castell,Chairs,6/11/24,1/7/25,-210,18,2933.68,251.60,8.60,3.33,162.98,3318.99,636.91,19.19,3.33,184.39
EP-13915,Emily Phan,Copiers,12/18/24,1/7/25,-20,31,5478.06,144.96,2.60,4,176.71,6163.65,830.55,13.47,4,198.83
MH-18025,Michelle Huthwaite,Chairs,11/11/24,1/7/25,-57,10,2984.95,476.90,16.00,3.1,298.49,3552.28,1044.23,29.40,3.1,355.23
EB-13705,Ed Braxton,Tables,11/12/24,1/7/25,-56,12,3644.98,13.62,0.40,4.58,303.75,4204.23,572.88,13.63,4.58,350.35
DS-13030,Darrin Sayre,Bookcases,9/28/24,1/7/25,-101,19,1762.21,193.33,11.00,2.84,92.75,1850.66,281.78,15.23,2.84,97.40
GH-14410,Gary Hansen,Binders,10/16/24,1/7/25,-83,17,2819.47,-576.83,-20.50,3.82,165.85,3096.08,-300.22,-9.70,3.82,182.12
BM-11650,Brian Moss,Paper,11/27/24,1/7/25,-41,29,7294.19,"2,199.28",30.20,3.28,251.52,7604.46,2509.56,33.00,3.28,262.22
MH-17455,Mark Hamilton,Binders,10/6/24,1/7/25,-93,11,2456.18,484.77,19.70,4.09,223.29,2783.69,812.28,29.18,4.09,253.06
JK-15205,Jamie Kunitz,Phones,10/30/24,1/7/25,-69,13,4427.14,"1,219.98",27.60,5.15,340.55,4442.62,1235.46,27.81,5.15,341.74
PV-18985,Paul Van Hugh,Chairs,10/2/24,1/7/25,-97,13,2876.05,434.53,15.10,4,221.23,3000.94,559.42,18.64,4,230.84
AC-10420,Alyssa Crouse,Tables,5/12/24,1/7/25,-240,5,925.8,-62.13,-6.70,3.4,185.16,1073.86,85.93,8.00,3.4,214.77
ME-17725,Max Engle,Paper,12/2/24,1/7/25,-36,13,1908.45,77.81,4.10,3.54,146.8,2208.84,378.20,17.12,3.54,169.91
SS-20515,Shirley Schmidt,Appliances,8/26/23,1/7/25,-500,6,613.4,199.93,32.60,6,102.23,658.43,244.96,37.20,6,109.74
BF-10975,Barbara Fisher,Art,9/30/24,1/7/25,-99,13,599.8,227.44,37.90,2.92,46.14,602.23,229.87,38.17,2.92,46.33
AW-10930,Arthur Wiediger,Binders,11/14/24,1/7/25,-54,16,2852.97,-104.55,-3.70,4.25,178.31,2936.47,-21.05,-0.72,4.25,183.53
PB-19150,Philip Brown,Storage,9/24/24,1/7/25,-105,11,1456.95,280.66,19.30,4.91,132.45,1547.71,371.42,24.00,4.91,140.70
AH-10120,Adrian Hane,Chairs,10/31/24,1/7/25,-68,16,1735.51,-2.31,-0.10,4.06,108.47,1893.51,155.68,8.22,4.06,118.34
JL-15130,Jack Lebron,Binders,12/22/24,1/7/25,-16,12,1214.96,-207.80,-17.10,3.5,101.25,1406.25,-16.50,-1.17,3.5,117.19
CA-12310,Christine Abelman,Tables,12/17/24,1/7/25,-21,11,1421.95,246.02,17.30,2.27,129.27,1441.00,265.07,18.39,2.27,131.00
EM-14140,Eugene Moren,Binders,11/12/24,1/7/25,-56,21,4588.44,"1,319.37",28.80,3.52,218.5,4632.38,1363.31,29.43,3.52,220.59
KM-16375,Katherine Murray,Chairs,11/4/24,1/7/25,-64,20,5620.19,973.79,17.30,3.45,281.01,6085.50,1439.10,23.65,3.45,304.27
CC-12145,Charles Crestani,Furnishings,9/15/24,1/7/25,-114,11,2471.65,392.28,15.90,2.82,224.7,2866.89,787.52,27.47,2.82,260.63
SW-20245,Scot Wooten,Binders,10/10/24,1/7/25,-89,10,1085.08,-19.61,-1.80,3.3,108.51,1251.33,146.64,11.72,3.3,125.13
RD-19720,Roger Demir,Binders,12/9/24,1/7/25,-29,20,1419.74,207.33,14.60,3.9,70.99,1536.64,324.23,21.10,3.9,76.83
ME-18010,Michelle Ellison,Chairs,9/29/24,1/7/25,-100,6,1256.94,107.36,8.50,2.5,209.49,1477.22,327.64,22.18,2.5,246.20
HM-14860,Harry Marie,Chairs,12/28/24,1/7/25,-10,20,8236.76,"2,437.98",29.60,3.8,411.84,8560.56,2761.77,32.26,3.8,428.03
EM-14065,Erin Mull,Art,11/13/24,1/7/25,-55,6,228.99,40.15,17.50,3.67,38.17,231.24,42.40,18.34,3.67,38.54
AB-10255,Alejandro Ballentine,Art,7/17/24,1/7/25,-174,14,914.53,264.57,28.90,2.79,65.32,917.62,267.65,29.17,2.79,65.54
JL-15850,John Lucas,Storage,4/25/23,1/7/25,-623,11,2725.26,779.90,28.60,3.45,247.75,2763.93,818.58,29.62,3.45,251.27
AG-10900,Arthur Gainer,Art,9/25/24,1/7/25,-104,21,4510.8,343.68,7.60,4.38,214.8,4973.14,806.03,16.21,4.38,236.82
NC-18535,Nick Crebassa,Supplies,12/24/24,1/7/25,-14,15,8241.74,"1,314.76",16.00,4.27,549.45,9588.05,2661.07,27.75,4.27,639.20
KL-16645,Ken Lonsdale,Furnishings,11/13/24,1/7/25,-55,29,14175.23,806.86,5.70,3.9,488.8,14386.22,1017.85,7.08,3.9,496.08
SG-20470,Sheri Gordon,Chairs,6/30/24,1/7/25,-191,14,1884.8,-119.01,-6.30,4.43,134.63,2138.90,135.10,6.32,4.43,152.78
LF-17185,Luke Foster,Furnishings,12/8/24,1/7/25,-30,16,3930.51,"-3,583.98",-91.20,4.31,245.66,4447.88,-3066.61,-68.95,4.31,277.99
CL-11890,Carl Ludwig,Storage,9/15/24,1/7/25,-114,7,1262.01,328.08,26.00,3.43,180.29,1467.10,533.17,36.34,3.43,209.59
AS-10045,Aaron Smayling,Paper,10/3/24,1/7/25,-96,10,3050.69,-253.57,-8.30,4.8,305.07,3634.14,329.87,9.08,4.8,363.41
BB-10990,Barry Blumstein,Storage,9/16/24,1/7/25,-113,8,744.34,11.58,1.60,3.25,93.04,750.21,17.46,2.33,3.25,93.78
TS-21430,Tom Stivers,Bookcases,7/11/24,1/7/25,-180,7,2054.14,48.70,2.40,4.43,293.45,2438.06,432.62,17.74,4.43,348.29
IL-15100,Ivan Liston,Binders,8/10/24,1/7/25,-150,14,5040.74,"1,121.94",22.30,4.29,360.05,5355.23,1436.44,26.82,4.29,382.52
AS-10630,Ann Steele,Fasteners,9/29/24,1/7/25,-100,12,833.4,136.49,16.40,2.83,69.45,927.89,230.98,24.89,2.83,77.32
NZ-18565,Nick Zandusky,Binders,10/6/24,1/7/25,-93,20,2488.31,402.42,16.20,3.85,124.42,2638.45,552.56,20.94,3.85,131.92
BK-11260,Berenike Kampe,Paper,10/14/24,1/7/25,-85,16,659.14,-63.76,-9.70,3.63,41.2,706.56,-16.34,-2.31,3.63,44.16
VD-21670,Valerie Dominguez,Appliances,5/28/23,1/7/25,-590,16,6442.25,"1,617.79",25.10,4.44,402.64,6555.14,1730.68,26.40,4.44,409.70
RS-19420,Ricardo Sperren,Chairs,10/15/24,1/7/25,-84,9,3221.29,633.45,19.70,3.22,357.92,3801.14,1213.31,31.92,3.22,422.35
CS-12130,Chad Sievert,Chairs,8/28/23,1/7/25,-498,7,884.64,143.83,16.30,4,126.38,952.67,211.86,22.24,4,136.10
GZ-14470,Gary Zandusky,Tables,12/23/24,1/7/25,-15,14,4355.15,"1,087.75",25.00,3.43,311.08,4771.83,1504.44,31.53,3.43,340.85
SS-20590,Sonia Sunley,Art,10/24/23,1/7/25,-441,9,418.49,135.54,32.40,1.89,46.5,423.63,140.68,33.21,1.89,47.07
RF-19735,Roland Fjeld,Accessories,10/2/24,1/7/25,-97,14,2341.3,711.62,30.40,3.79,167.24,2420.71,791.03,32.68,3.79,172.91
TB-21625,Trudy Brown,Accessories,11/30/24,1/7/25,-38,15,2797.67,379.88,13.60,4,186.51,3206.44,788.66,24.60,4,213.76
VG-21790,Vivek Gonzalez,Bookcases,7/29/24,1/7/25,-162,8,846.01,143.63,17.00,4,105.75,924.22,221.83,24.00,4,115.53
MB-17305,Maria Bertelson,Furnishings,11/12/24,1/7/25,-56,19,1548.7,212.43,13.70,3.32,81.51,1682.46,346.18,20.58,3.32,88.55
LR-16915,Lena Radford,Furnishings,12/4/24,1/7/25,-34,16,5142.89,535.48,10.40,4,321.43,5389.11,781.69,14.51,4,336.82
MA-17560,Matt Abelman,Furnishings,10/27/24,1/7/25,-72,34,4299.16,"1,240.23",28.80,3.44,126.45,4422.57,1363.64,30.83,3.44,130.08
DB-13405,Denny Blanton,Appliances,8/8/24,1/7/25,-152,26,3674.68,"1,221.02",33.20,3.85,141.33,4063.76,1610.09,39.62,3.85,156.30
JH-15985,Joseph Holt,Binders,12/1/24,1/7/25,-37,14,7955,-644.70,-8.10,4.57,568.21,9253.11,653.41,7.06,4.57,660.94
ED-13885,Emily Ducich,Labels,8/17/24,1/7/25,-143,14,3484.92,670.44,19.20,3.86,248.92,4037.49,1223.01,30.29,3.86,288.39
GM-14500,Gene McClure,Paper,9/15/24,1/7/25,-114,13,1255.68,441.32,35.10,4.08,96.59,1470.18,655.82,44.61,4.08,113.09
AG-10525,Andy Gerbode,Paper,9/7/22,1/7/25,-853,9,1455.04,-152.76,-10.50,3.67,161.67,1673.76,65.96,3.94,3.67,185.97
MG-17650,Matthew Grinstein,Phones,12/1/24,1/7/25,-37,14,3785.28,341.90,9.00,4.07,270.38,3785.28,341.90,9.03,4.07,270.38
BW-11200,Ben Wallace,Furnishings,6/10/24,1/7/25,-211,10,1738.41,247.00,14.20,4.9,173.84,1886.51,395.10,20.94,4.9,188.65
DH-13675,Duane Huffman,Appliances,11/15/22,1/7/25,-784,11,1043.1,116.67,11.20,3.73,94.83,1125.36,198.93,17.68,3.73,102.31
CS-12175,Charles Sheldon,Binders,5/12/24,1/7/25,-240,8,844.46,113.14,13.40,3.75,105.56,946.25,214.93,22.71,3.75,118.28
CS-12355,Christine Sundaresam,Appliances,12/24/24,1/7/25,-14,22,3202.16,831.94,26.00,3.36,145.55,3411.44,1041.22,30.52,3.36,155.07
KH-16510,Keith Herrera,Binders,12/8/24,1/7/25,-30,23,5952.86,656.12,11.00,3.96,258.82,6602.10,1305.36,19.77,3.96,287.05
TS-21610,Troy Staebel,Tables,11/5/24,1/7/25,-63,11,2820.42,-294.70,-10.40,4,256.4,3256.39,141.27,4.34,4,296.04
DJ-13510,Don Jones,Binders,11/12/24,1/7/25,-56,13,2501.69,345.25,13.80,4,192.44,2860.67,704.24,24.62,4,220.05
LH-16900,Lena Hernandez,Bookcases,12/9/24,1/7/25,-29,15,2295.33,526.07,22.90,4.27,153.02,2484.55,715.29,28.79,4.27,165.64
JB-15400,Jennifer Braxton,Binders,12/23/24,1/7/25,-15,18,1830.49,174.71,9.50,2.72,101.69,2027.06,371.29,18.32,2.72,112.61
DO-13645,Doug O'Connell,Paper,12/4/24,1/7/25,-34,13,2043.3,658.78,32.20,2.92,157.18,2218.78,834.26,37.60,2.92,170.68
CR-12730,Craig Reiter,Chairs,10/13/24,1/7/25,-86,6,1600.55,306.92,19.20,3,266.76,1685.49,391.86,23.25,3,280.91
DE-13255,Deanra Eno,Art,1/11/23,1/7/25,-727,9,2550.87,464.47,18.20,4.22,283.43,2835.54,749.14,26.42,4.22,315.06
JP-15520,Jeremy Pistek,Supplies,12/22/24,1/7/25,-16,16,3635.59,757.18,20.80,3.94,227.22,3772.11,893.70,23.69,3.94,235.76
AP-10915,Arthur Prichep,Furnishings,9/23/24,1/7/25,-106,31,3323.56,579.31,17.40,3.29,107.21,3718.77,974.52,26.21,3.29,119.96
RB-19645,Robert Barroso,Binders,3/22/23,1/7/25,-657,7,221.08,72.68,32.90,4.14,31.58,232.66,84.25,36.21,4.14,33.24
RH-19495,Rick Hansen,Paper,11/28/24,1/7/25,-40,8,3621.38,563.79,15.60,4.75,452.67,3843.56,785.98,20.45,4.75,480.45
JP-15460,Jennifer Patt,Furnishings,11/23/24,1/7/25,-45,15,1669.14,429.75,25.70,3.6,111.28,1698.45,459.06,27.03,3.6,113.23
DW-13585,Dorothy Wardle,Supplies,5/2/24,1/7/25,-250,10,1204.85,-266.90,-22.20,4.4,120.49,1341.10,-130.65,-9.74,4.4,134.11
JM-15265,Janet Molinari,Furnishings,11/23/24,1/7/25,-45,13,1804.15,502.61,27.90,4,138.78,1862.44,560.91,30.12,4,143.26
JE-15715,Joe Elijah,Binders,11/14/24,1/7/25,-54,30,10461.46,"1,443.18",13.80,4.3,348.72,12209.03,3190.75,26.13,4.3,406.97
RC-19960,Ryan Crowe,Envelopes,9/11/24,1/7/25,-118,11,885.75,10.56,1.20,4,80.52,940.85,65.66,6.98,4,85.53
MW-18220,Mitch Webber,Phones,12/13/24,1/7/25,-25,14,5341.9,"1,238.42",23.20,3.64,381.56,5628.57,1525.09,27.10,3.64,402.04
KB-16315,Karl Braun,Furnishings,3/9/24,1/7/25,-304,22,1569.46,49.72,3.20,2.82,71.34,1586.31,66.57,4.20,2.82,72.11
PP-18955,Paul Prost,Art,9/24/24,1/7/25,-105,34,7252.61,"1,495.09",20.60,4.06,213.31,7891.04,2133.52,27.04,4.06,232.09
FM-14290,Frank Merwin,Accessories,11/24/24,1/7/25,-44,20,3736.2,198.11,5.30,3.95,186.81,3740.35,202.26,5.41,3.95,187.02
CC-12610,Corey Catlett,Furnishings,11/26/24,1/7/25,-42,12,2540.63,331.43,13.00,3.25,211.72,2830.16,620.96,21.94,3.25,235.85
ZD-21925,Zuschuss Donatelli,Art,6/11/24,1/7/25,-210,9,1493.94,249.13,16.70,3.56,165.99,1498.49,253.67,16.93,3.56,166.50
RA-19945,Ryan Akin,Tables,10/30/24,1/7/25,-69,9,1686.92,-445.70,-26.40,3,187.44,1872.97,-259.65,-13.86,3,208.11
HH-15010,Hilary Holden,Paper,10/19/24,1/7/25,-80,6,218.67,86.73,39.70,3.33,36.44,223.54,91.61,40.98,3.33,37.26
AT-10735,Annie Thurman,Binders,12/17/24,1/7/25,-21,16,3831.86,974.11,25.40,3.75,239.49,3852.96,995.20,25.83,3.75,240.81
SJ-20500,Shirley Jackson,Accessories,4/21/24,1/7/25,-261,7,1318.78,68.10,5.20,4.29,188.4,1512.46,261.78,17.31,4.29,216.07
LT-16765,Larry Tron,Art,12/4/24,1/7/25,-34,3,329.88,59.04,17.90,2.67,109.96,329.88,59.04,17.90,2.67,109.96
KD-16345,Katherine Ducich,Art,11/19/24,1/7/25,-49,10,1888.96,328.59,17.40,3.6,188.9,1972.23,411.87,20.88,3.6,197.22
MR-17545,Mathew Reese,Binders,8/27/24,1/7/25,-133,6,639.18,162.94,25.50,4.83,106.53,648.12,171.87,26.52,4.83,108.02
PR-18880,Patrick Ryan,Furnishings,11/24/24,1/7/25,-44,12,1840.18,247.62,13.50,3.58,153.35,1977.35,384.80,19.46,3.58,164.78
NP-18700,Nora Preis,Storage,8/14/24,1/7/25,-146,13,7903.18,631.23,8.00,4.85,607.94,8874.70,1602.74,18.06,4.85,682.67
VP-21760,Victoria Pisteka,Furnishings,10/16/24,1/7/25,-83,14,3360.53,"-1,018.78",-30.30,4.64,240.04,3832.37,-546.93,-14.27,4.64,273.74
SZ-20035,Sam Zeldin,Tables,11/25/24,1/7/25,-43,20,3625.33,366.43,10.10,3.45,181.27,3839.62,580.72,15.12,3.45,191.98
LR-17035,Lisa Ryan,Binders,8/20/24,1/7/25,-140,12,1879.31,-382.81,-20.40,3.67,156.61,1989.97,-272.14,-13.68,3.67,165.83
DK-13375,Dennis Kane,Phones,12/11/24,1/7/25,-27,23,3318.49,377.08,11.40,3.35,144.28,3340.08,398.67,11.94,3.35,145.22
MC-17275,Marc Crier,Chairs,10/15/24,1/7/25,-84,13,2725.98,461.00,16.90,4.15,209.69,3092.71,827.73,26.76,4.15,237.90
BM-11140,Becky Martin,Chairs,2/26/24,1/7/25,-316,16,11789.63,"-1,659.96",-14.10,4,736.85,13813.17,363.59,2.63,4,863.32
KT-16465,Kean Takahito,Chairs,12/4/23,1/7/25,-400,14,3057.1,254.00,8.30,3.21,218.36,3576.57,773.47,21.63,3.21,255.47
SP-20620,Stefania Perrino,Appliances,11/13/24,1/7/25,-55,24,5440.32,-270.43,-5.00,3.21,226.68,5789.31,78.56,1.36,3.21,241.22
LH-17020,Lisa Hazard,Binders,5/5/24,1/7/25,-247,6,318.24,-242.74,-76.30,5.67,53.04,348.38,-212.59,-61.02,5.67,58.06
KC-16255,Karen Carlisle,Accessories,11/18/23,1/7/25,-416,10,2120.95,846.12,39.90,4,212.1,2240.25,965.42,43.09,4,224.03
RR-19525,Rick Reed,Chairs,7/13/24,1/7/25,-178,10,3302.26,721.68,21.90,3.6,330.23,3478.92,898.34,25.82,3.6,347.89
LC-17140,Logan Currie,Furnishings,12/17/24,1/7/25,-21,19,2633.58,231.13,8.80,3.26,138.61,2664.76,262.31,9.84,3.26,140.25
MS-17365,Maribeth Schnelling,Labels,4/1/24,1/7/25,-281,24,7443.69,844.94,11.40,4.38,310.15,8233.07,1634.31,19.85,4.38,343.04
CC-12220,Chris Cortes,Paper,12/10/24,1/7/25,-28,22,3913.42,393.96,10.10,3.68,177.88,4220.32,700.86,16.61,3.68,191.83
DL-12925,Daniel Lacy,Machines,11/3/24,1/7/25,-65,14,3272.2,4.21,0.10,3.07,233.73,3543.51,275.52,7.78,3.07,253.11
SF-20065,Sandra Flanagan,Furnishings,11/1/24,1/7/25,-67,9,763.55,228.16,29.90,3.89,84.84,777.82,242.44,31.17,3.89,86.42
AR-10345,Alex Russell,Art,9/10/24,1/7/25,-119,7,1073.35,-215.97,-20.10,3,153.34,1214.08,-75.24,-6.20,3,173.44
LW-17125,Liz Willingham,Furnishings,6/8/24,1/7/25,-213,5,1259.04,192.63,15.30,3,251.81,1261.11,194.70,15.44,3,252.22
LW-17215,Luke Weiss,Chairs,12/9/24,1/7/25,-29,15,5420.51,837.24,15.40,3.93,361.37,6290.97,1707.69,27.15,3.93,419.40
TA-21385,Tom Ashbrook,Furnishings,10/22/24,1/7/25,-77,10,14595.62,"4,703.79",32.20,3.6,1459.56,14662.01,4770.18,32.53,3.6,1466.20
BN-11470,Brad Norvell,Appliances,12/6/24,1/7/25,-32,6,265.3,36.61,13.80,2.5,44.22,265.30,36.61,13.80,2.5,44.22
PT-19090,Pete Takahito,Binders,10/20/24,1/7/25,-79,7,160.57,-20.05,-12.50,2.71,22.94,162.03,-18.59,-11.47,2.71,23.15
EA-14035,Erin Ashbrook,Binders,7/31/24,1/7/25,-160,25,2846.71,-52.74,-1.90,3.48,113.87,3048.21,148.76,4.88,3.48,121.93
JM-15535,Jessica Myrick,Paper,9/19/24,1/7/25,-110,12,2070.06,394.63,19.10,4.5,172.51,2240.44,565.00,25.22,4.5,186.70
ON-18715,Odella Nelson,Storage,11/15/23,1/7/25,-419,15,1567.52,-5.89,-0.40,3.87,104.5,1751.64,178.23,10.18,3.87,116.78
JC-15775,John Castell,Furnishings,7/25/24,1/7/25,-166,16,2772.06,279.57,10.10,4,173.25,2888.40,395.92,13.71,4,180.53
DM-13015,Darrin Martin,Tables,11/3/24,1/7/25,-65,20,6345.1,"1,677.39",26.40,4.35,317.26,7079.31,2411.60,34.07,4.35,353.97
AJ-10960,Astrea Jones,Envelopes,10/17/24,1/7/25,-82,5,629.25,60.43,9.60,4.4,125.85,636.34,67.52,10.61,4.4,127.27
MF-18250,Monica Federle,Furnishings,12/23/24,1/7/25,-15,12,1758.3,456.86,26.00,3.17,146.53,1758.30,456.86,25.98,3.17,146.53
JA-15970,Joseph Airdo,Art,9/29/24,1/7/25,-100,24,6491.03,-819.42,-12.60,3.63,270.46,6676.92,-633.53,-9.49,3.63,278.20
AG-10765,Anthony Garverick,Binders,10/14/24,1/7/25,-85,5,170.58,-8.43,-4.90,4,34.12,204.70,25.69,12.55,4,40.94
JK-15640,Jim Kriz,Fasteners,7/3/24,1/7/25,-188,12,4760.43,"1,172.53",24.60,3.42,396.7,5261.58,1673.68,31.81,3.42,438.46
FA-14230,Frank Atkinson,Fasteners,9/24/24,1/7/25,-105,17,2984.05,520.52,17.40,3.41,175.53,3155.80,692.27,21.94,3.41,185.64
MC-18130,Mike Caudle,Storage,12/26/23,1/7/25,-378,11,1582,121.76,7.70,3.09,143.82,1791.81,331.57,18.50,3.09,162.89
DN-13690,Duane Noonan,Bookcases,5/27/24,1/7/25,-225,11,2139.79,540.54,25.30,3.73,194.53,2214.04,614.79,27.77,3.73,201.28
SB-20185,Sarah Brown,Bookcases,6/25/24,1/7/25,-196,12,6411,885.46,13.80,3.75,534.25,7198.23,1672.69,23.24,3.75,599.85
PF-19165,Philip Fox,Tables,6/17/24,1/7/25,-204,10,2770,196.87,7.10,3.4,277,3146.91,573.79,18.23,3.4,314.69
MA-17995,Michelle Arnett,Appliances,6/27/24,1/7/25,-194,12,2453.28,280.78,11.40,3.5,204.44,2840.30,667.80,23.51,3.5,236.69
ES-14020,Erica Smith,Labels,11/20/24,1/7/25,-48,8,3510.46,"1,003.29",28.60,3.88,438.81,4060.82,1553.66,38.26,3.88,507.60
HG-14965,Henry Goldwyn,Paper,12/7/24,1/7/25,-31,17,3247.64,"-2,797.96",-86.20,4,191.04,3637.00,-2408.60,-66.22,4,213.94
SL-20155,Sara Luxemburg,Art,10/21/24,1/7/25,-78,9,3053.01,527.97,17.30,3.33,339.22,3347.13,822.09,24.56,3.33,371.90
LH-16750,Larry Hughes,Binders,8/1/24,1/7/25,-159,3,287.43,12.63,4.40,4,95.81,288.74,13.94,4.83,4,96.25
JG-15115,Jack Garza,Copiers,12/3/22,1/7/25,-766,7,2358.68,684.19,29.00,2.86,336.95,2377.87,703.39,29.58,2.86,339.70
AS-10090,Adam Shillingsburg,Chairs,12/2/24,1/7/25,-36,25,3255.31,64.54,2.00,3.24,130.21,3804.30,613.52,16.13,3.24,152.17
VG-21805,Vivek Grady,Storage,3/19/24,1/7/25,-294,6,427.37,-52.33,-12.20,2.67,71.23,427.37,-52.33,-12.25,2.67,71.23
TT-21220,Thomas Thornton,Art,6/30/24,1/7/25,-191,15,1427.04,278.74,19.50,3.67,95.14,1471.74,323.44,21.98,3.67,98.12
JP-16135,Julie Prescott,Binders,9/19/24,1/7/25,-110,13,1707.71,309.71,18.10,3.62,131.36,1813.87,415.87,22.93,3.62,139.53
TH-21115,Thea Hudgings,Binders,11/2/24,1/7/25,-66,9,2942.77,-252.55,-8.60,3.22,326.97,3013.87,-181.46,-6.02,3.22,334.87
JD-16060,Julia Dunbar,Storage,3/5/24,1/7/25,-308,6,695.44,111.11,16.00,2.83,115.91,746.33,162.00,21.71,2.83,124.39
MT-18070,Michelle Tran,Bookcases,6/10/24,1/7/25,-211,11,1319.45,-23.68,-1.80,4,119.95,1507.54,164.41,10.91,4,137.05
BF-11005,Barry Franz,Art,11/21/24,1/7/25,-47,10,1333.88,-291.38,-21.80,2.6,133.39,1333.88,-291.38,-21.84,2.6,133.39
KF-16285,Karen Ferguson,Chairs,9/24/24,1/7/25,-105,18,10604.27,"1,660.14",15.70,3.72,589.13,11166.23,2222.10,19.90,3.72,620.35
NB-18580,Nicole Brennan,Appliances,10/22/21,1/7/25,-1173,2,273.87,24.79,9.10,3.5,136.94,273.87,24.79,9.05,3.5,136.94
CS-12400,Christopher Schild,Storage,12/28/24,1/7/25,-10,14,3651.86,-342.80,-9.40,3.36,260.85,3895.00,-99.66,-2.56,3.36,278.21
TH-21100,Thea Hendricks,Chairs,1/20/24,1/7/25,-353,7,2422.82,-135.21,-5.60,4.14,346.12,2543.61,-14.43,-0.57,4.14,363.37
KD-16495,Keith Dawkins,Paper,9/9/24,1/7/25,-120,28,8181.26,"3,038.63",37.10,3,292.19,9574.40,4431.77,46.29,3,341.94
GZ-14545,George Zrebassa,Storage,7/26/24,1/7/25,-165,9,2529.11,860.69,34.00,4.22,281.01,2601.58,933.16,35.87,4.22,289.06
LD-17005,Lisa DeCherney,Furnishings,11/11/23,1/7/25,-423,7,1961.93,557.17,28.40,3.57,280.28,1973.45,568.69,28.82,3.57,281.92
SM-20950,Suzanne McNair,Tables,12/5/24,1/7/25,-33,24,5695.79,610.11,10.70,4.29,237.32,5981.64,895.97,14.98,4.29,249.24
EB-14170,Evan Bailliet,Binders,10/9/24,1/7/25,-90,7,1186.33,282.17,23.80,2.86,169.48,1188.34,284.18,23.91,2.86,169.76
KW-16570,Kelly Williams,Appliances,11/20/22,1/7/25,-779,5,449.1,107.93,24.00,4.4,89.82,454.78,113.61,24.98,4.4,90.96
DM-12955,Dario Medina,Appliances,9/7/24,1/7/25,-122,9,1322.03,108.76,8.20,3.11,146.89,1383.34,170.06,12.29,3.11,153.70
DB-13615,Doug Bickford,Binders,11/27/24,1/7/25,-41,11,1989.05,438.80,22.10,3.73,180.82,2001.51,451.26,22.55,3.73,181.96
ES-14080,Erin Smith,Envelopes,12/2/24,1/7/25,-36,20,4657.92,246.67,5.30,3.85,232.9,4851.03,439.77,9.07,3.85,242.55
AR-10405,Allen Rosenblatt,Chairs,8/27/24,1/7/25,-133,7,2236.13,-98.76,-4.40,4.14,319.45,2595.23,260.33,10.03,4.14,370.75
BP-11290,Beth Paige,Chairs,12/18/24,1/7/25,-20,16,2475.16,-319.06,-12.90,3.19,154.7,2911.49,117.27,4.03,3.19,181.97
RD-19930,Russell D'Ascenzo,Furnishings,11/18/24,1/7/25,-50,10,970.94,35.06,3.60,3.3,97.09,996.78,60.89,6.11,3.3,99.68
DO-13435,Denny Ordway,Art,8/19/24,1/7/25,-141,13,1300.03,-38.91,-3.00,3.69,100,1395.67,56.73,4.06,3.69,107.36
DF-13135,David Flashing,Binders,1/30/23,1/7/25,-708,6,2390.53,-259.31,-10.80,3.83,398.42,2535.23,-114.61,-4.52,3.83,422.54
JD-16015,Joy Daniels,Labels,9/9/24,1/7/25,-120,11,385.43,26.76,6.90,3.55,35.04,388.67,30.00,7.72,3.55,35.33
BD-11635,Brian Derr,Appliances,12/21/24,1/7/25,-17,5,582.65,141.53,24.30,3.8,116.53,662.06,220.94,33.37,3.8,132.41
GG-14650,Greg Guthrie,Chairs,11/17/24,1/7/25,-51,36,8584.09,"1,415.24",16.50,3.69,238.45,8970.38,1801.53,20.08,3.69,249.18
AM-10360,Alice McCarthy,Binders,12/2/24,1/7/25,-36,12,814.01,194.99,24.00,4,67.83,855.97,236.95,27.68,4,71.33
TN-21040,Tanja Norvell,Chairs,10/1/24,1/7/25,-98,12,3130.22,-692.05,-22.10,4,260.85,3414.91,-407.35,-11.93,4,284.58
FC-14335,Fred Chung,Art,6/29/24,1/7/25,-192,10,3889.37,714.29,18.40,3.7,388.94,4160.68,985.61,23.69,3.7,416.07
HA-14920,Helen Andreada,Chairs,12/10/24,1/7/25,-28,18,2584.16,99.14,3.80,4,143.56,2674.31,189.30,7.08,4,148.57
JF-15565,Jill Fjeld,Envelopes,11/6/24,1/7/25,-62,16,4198.33,"1,073.21",25.60,4.19,262.4,4266.32,1141.19,26.75,4.19,266.64
BP-11050,Barry Pond,Supplies,10/8/24,1/7/25,-91,7,983.42,209.78,21.30,4.29,140.49,1047.76,274.13,26.16,4.29,149.68
ZC-21910,Zuschuss Carroll,Tables,11/6/24,1/7/25,-62,31,8025.71,"-1,032.15",-12.90,3.39,258.89,8997.88,-59.97,-0.67,3.39,290.25
SP-20545,Sibella Parks,Binders,2/6/24,1/7/25,-336,10,1306.09,-118.78,-9.10,4.3,130.61,1325.85,-99.01,-7.47,4.3,132.59
TC-21295,Toby Carlisle,Chairs,12/3/24,1/7/25,-35,16,4266.81,606.37,14.20,3.94,266.68,4737.00,1076.56,22.73,3.94,296.06
HG-15025,Hunter Glantz,Appliances,12/24/24,1/7/25,-14,11,3690.28,804.61,21.80,3.45,335.48,3747.51,861.84,23.00,3.45,340.68
JE-15610,Jim Epp,Binders,11/12/24,1/7/25,-56,20,7754.98,"1,623.40",20.90,3.7,387.75,8134.64,2003.07,24.62,3.7,406.73
AC-10660,Anna Chung,Chairs,3/23/24,1/7/25,-290,6,657.32,-28.70,-4.40,2.67,109.55,693.99,7.97,1.15,2.67,115.67
LS-17245,Lynn Smith,Binders,11/26/24,1/7/25,-42,12,1008.14,348.36,34.60,3.92,84.01,1017.01,357.23,35.13,3.92,84.75
TB-21520,Tracy Blumstein,Binders,9/14/24,1/7/25,-115,20,4737.49,"-1,603.05",-33.80,4.25,236.87,5444.58,-895.95,-16.46,4.25,272.23
AS-10225,Alan Schoenberger,Chairs,12/8/24,1/7/25,-30,13,4260.78,719.78,16.90,3.15,327.75,4638.18,1097.17,23.66,3.15,356.78
LS-17200,Luke Schmidt,Chairs,9/25/24,1/7/25,-104,14,1010.26,244.20,24.20,3.86,72.16,1139.49,373.43,32.77,3.86,81.39
IG-15085,Ivan Gibson,Binders,10/20/24,1/7/25,-79,7,744.57,320.50,43.00,2.71,106.37,774.01,349.94,45.21,2.71,110.57
RP-19270,Rachel Payne,Binders,8/21/23,1/7/25,-505,12,954.65,59.54,6.20,3.92,79.55,1041.03,145.92,14.02,3.92,86.75
JF-15490,Jeremy Farry,Paper,8/31/24,1/7/25,-129,15,1082.92,-18.07,-1.70,2.4,72.19,1244.99,144.01,11.57,2.4,83.00
EH-14125,Eugene Hildebrand,Phones,10/19/24,1/7/25,-80,22,3143.48,117.81,3.70,3.82,142.89,3358.45,332.78,9.91,3.82,152.66
MP-17965,Michael Paige,Furnishings,10/19/24,1/7/25,-80,24,4198.83,666.49,15.90,3.08,174.95,4601.85,1069.51,23.24,3.08,191.74
FH-14365,Fred Hopkins,Tables,12/25/24,1/7/25,-13,13,6987.2,"2,050.28",29.30,4,537.48,7373.98,2437.06,33.05,4,567.23
LS-16975,Lindsay Shagiari,Binders,12/10/24,1/7/25,-28,22,2988.67,262.64,8.80,2.86,135.85,3091.20,365.16,11.81,2.86,140.51
SF-20965,Sylvia Foulston,Binders,11/12/24,1/7/25,-56,17,3336.54,539.94,16.20,3.88,196.27,3689.40,892.80,24.20,3.88,217.02
MG-17680,Maureen Gastineau,Furnishings,9/29/24,1/7/25,-100,10,2350.19,25.89,1.10,2.5,235.02,2731.30,407.00,14.90,2.5,273.13
DB-12910,Daniel Byrd,Paper,12/9/24,1/7/25,-29,12,2171.6,431.37,19.90,3.92,180.97,2393.41,653.19,27.29,3.92,199.45
AH-10585,Angele Hood,Furnishings,12/9/24,1/7/25,-29,5,738.5,83.96,11.40,3.4,147.7,786.35,131.81,16.76,3.4,157.27
RD-19810,Ross DeVincentis,Paper,12/16/24,1/7/25,-22,16,1137.62,318.46,28.00,3.94,71.1,1152.80,333.65,28.94,3.94,72.05
TS-21370,Todd Sumrall,Bookcases,11/24/24,1/7/25,-44,15,11891.75,"2,371.71",19.90,3.93,792.78,13422.49,3902.45,29.07,3.93,894.83
BT-11395,Bill Tyler,Phones,3/3/24,1/7/25,-310,10,2186.61,257.92,11.80,3.8,218.66,2490.73,562.03,22.57,3.8,249.07
NC-18625,Noah Childs,Paper,6/9/24,1/7/25,-212,9,1821.74,-359.02,-19.70,3.22,202.42,1974.81,-205.95,-10.43,3.22,219.42
AM-10705,Anne McFarland,Chairs,7/21/24,1/7/25,-170,22,5664.02,"1,085.73",19.20,3.68,257.46,6388.74,1810.45,28.34,3.68,290.40
AC-10450,Amy Cox,Phones,12/19/24,1/7/25,-19,9,5527.85,"1,366.01",24.70,4.78,614.21,6142.59,1980.75,32.25,4.78,682.51
NL-18310,Nancy Lomonaco,Phones,11/2/24,1/7/25,-66,10,1418.09,343.64,24.20,4.4,141.81,1544.32,469.87,30.43,4.4,154.43
DG-13300,Deirdre Greer,Appliances,11/28/24,1/7/25,-40,8,3195.82,562.78,17.60,4.88,399.48,3312.29,679.24,20.51,4.88,414.04
KH-16630,Ken Heidel,Art,11/2/24,1/7/25,-66,17,3918.97,727.38,18.60,4.94,230.53,3934.41,742.82,18.88,4.94,231.44
PL-18925,Paul Lucas,Labels,12/15/24,1/7/25,-23,8,239.48,-0.75,-0.30,3.63,29.94,247.78,7.54,3.04,3.63,30.97
SH-20395,Shahid Hopkins,Storage,12/7/24,1/7/25,-31,15,2180.72,-144.52,-6.60,3,145.38,2378.67,53.43,2.25,3,158.58
SW-20755,Steven Ward,Accessories,7/14/23,1/7/25,-543,8,758.7,68.24,9.00,3.38,94.84,878.06,187.61,21.37,3.38,109.76
JK-16120,Julie Kriz,Accessories,9/4/24,1/7/25,-125,17,2932.48,122.66,4.20,2.88,172.5,3051.39,241.56,7.92,2.88,179.49
PO-18850,Patrick O'Brill,Phones,12/26/24,1/7/25,-12,22,7473.83,38.48,0.50,4.14,339.72,7891.87,456.52,5.78,4.14,358.72
TC-21535,Tracy Collins,Art,12/26/24,1/7/25,-12,10,742.56,217.93,29.30,2.8,74.26,755.58,230.95,30.57,2.8,75.56
DM-13345,Denise Monton,Binders,12/8/24,1/7/25,-30,13,4074.47,"1,319.06",32.40,3.15,313.42,4737.32,1981.91,41.84,3.15,364.41
MS-17530,MaryBeth Skach,Furnishings,10/22/23,1/7/25,-443,7,475.66,84.03,17.70,3,67.95,538.41,146.78,27.26,3,76.92
WB-21850,William Brown,Tables,12/10/24,1/7/25,-28,41,6327.27,692.39,10.90,3.76,154.32,7113.06,1478.18,20.78,3.76,173.49
TH-21235,Tiffany House,Art,9/4/24,1/7/25,-125,13,1022.2,92.73,9.10,3.08,78.63,1054.95,125.48,11.89,3.08,81.15
BG-11035,Barry Gonzalez,Chairs,12/2/24,1/7/25,-36,12,2798.95,-711.43,-25.40,2.92,233.25,3102.88,-407.49,-13.13,2.92,258.57
MD-17350,Maribeth Dona,Furnishings,9/4/24,1/7/25,-125,17,3766.38,-241.95,-6.40,3.76,221.55,3991.90,-16.43,-0.41,3.76,234.82
TC-20980,Tamara Chand,Binders,11/26/23,1/7/25,-408,12,19052.22,"8,981.32",47.10,3.5,1587.68,19217.85,9146.96,47.60,3.5,1601.49
BF-11215,Benjamin Farhat,Furnishings,10/26/24,1/7/25,-73,8,1585.16,523.21,33.00,6,198.15,1723.75,661.80,38.39,6,215.47
TZ-21580,Tracy Zic,Chairs,12/4/24,1/7/25,-34,17,2234.95,349.45,15.60,4.06,131.47,2355.73,470.24,19.96,4.06,138.57
KD-16270,Karen Daniels,Art,9/2/23,1/7/25,-493,16,8282.36,"1,107.70",13.40,4,517.65,9609.31,2434.64,25.34,4,600.58
PK-19075,Pete Kriz,Storage,12/21/24,1/7/25,-17,25,8646.93,"2,038.27",23.60,4.28,345.88,10014.63,3405.97,34.01,4.28,400.59
DB-12970,Darren Budd,Bookcases,5/3/24,1/7/25,-249,14,2839.23,213.00,7.50,3.07,202.8,3212.16,585.93,18.24,3.07,229.44
RF-19840,Roy Französisch,Storage,12/24/24,1/7/25,-14,11,945.22,280.03,29.60,4.09,85.93,952.43,287.23,30.16,4.09,86.58
RM-19675,Robert Marley,Chairs,12/24/24,1/7/25,-14,11,5979.1,"1,902.54",31.80,3.55,543.55,6015.53,1938.98,32.23,3.55,546.87
JL-15505,Jeremy Lonsdale,Binders,11/11/24,1/7/25,-57,17,3173.87,591.72,18.60,3.29,186.7,3306.52,724.36,21.91,3.29,194.50
ML-17410,Maris LaWare,Binders,11/6/24,1/7/25,-62,15,2921.5,-76.18,-2.60,3.4,194.77,3220.98,223.30,6.93,3.4,214.73
CM-11815,Candace McMahon,Paper,8/21/24,1/7/25,-139,10,1673.89,214.46,12.80,3.8,167.39,1751.63,292.20,16.68,3.8,175.16
JF-15190,Jamie Frazer,Appliances,10/26/24,1/7/25,-73,19,2279.59,575.13,25.20,3.79,119.98,2376.32,671.86,28.27,3.79,125.07
PB-19105,Peter Bühler,Envelopes,11/3/24,1/7/25,-65,5,688.32,218.16,31.70,3.6,137.66,688.32,218.16,31.69,3.6,137.66
JD-16150,Justin Deggeller,Bookcases,11/19/24,1/7/25,-49,17,8828.03,"1,619.52",18.30,3.53,519.3,9516.29,2307.78,24.25,3.53,559.78
AB-10165,Alan Barnes,Chairs,12/20/24,1/7/25,-18,16,1215.02,262.73,21.60,3.38,75.94,1248.19,295.90,23.71,3.38,78.01
AH-10075,Adam Hart,Labels,11/26/24,1/7/25,-42,20,3250.34,281.19,8.70,3.75,162.52,3658.97,689.82,18.85,3.75,182.95
RH-19510,Rick Huthwaite,Phones,9/19/23,1/7/25,-476,12,6979.18,"1,289.45",18.50,3.58,581.6,7835.07,2145.34,27.38,3.58,652.92
RB-19330,Randy Bradley,Chairs,10/23/24,1/7/25,-76,6,1008.2,-164.41,-16.30,2.67,168.03,1141.73,-30.87,-2.70,2.67,190.29
YC-21895,Yoseph Carroll,Furnishings,12/26/24,1/7/25,-12,8,5454.35,"1,305.63",23.90,3.88,681.79,5454.35,1305.63,23.94,3.88,681.79
JK-15730,Joe Kamberova,Bookcases,10/7/24,1/7/25,-92,20,4867.2,55.05,1.10,4.4,243.36,5255.44,443.29,8.43,4.4,262.77
MK-17905,Michael Kennedy,Chairs,12/2/24,1/7/25,-36,17,2302.37,-405.36,-17.60,4.29,135.43,2707.52,-0.21,-0.01,4.29,159.27
PW-19240,Pierre Wener,Tables,9/22/23,1/7/25,-473,12,3922.42,"1,290.35",32.90,3.25,326.87,4614.03,1981.97,42.96,3.25,384.50
AB-10600,Ann Blume,Binders,11/10/24,1/7/25,-58,8,1515.86,-274.96,-18.10,4.75,189.48,1725.46,-65.36,-3.79,4.75,215.68
JC-16105,Julie Creighton,Storage,11/3/24,1/7/25,-65,9,858.58,201.60,23.50,4.78,95.4,917.03,260.05,28.36,4.78,101.89
GR-14560,Georgia Rosenberg,Bookcases,11/21/21,1/7/25,-1143,5,1284.38,359.83,28.00,4.6,256.88,1532.17,607.63,39.66,4.6,306.43
DB-13360,Dennis Bolton,Paper,4/10/24,1/7/25,-272,6,1081.47,291.01,26.90,4.67,180.24,1178.63,388.17,32.93,4.67,196.44
AD-10180,Alan Dominguez,Paper,12/1/24,1/7/25,-37,12,6106.88,"1,869.93",30.60,3.33,508.91,6406.42,2169.47,33.86,3.33,533.87
JM-15865,John Murray,Phones,9/12/24,1/7/25,-117,13,7625.08,"1,574.62",20.70,3.85,586.54,7691.81,1641.35,21.34,3.85,591.68
DH-13075,Dave Hallsten,Art,3/28/24,1/7/25,-285,23,4932.87,"1,193.74",24.20,3.52,214.47,5307.75,1568.62,29.55,3.52,230.77
JK-15325,Jason Klamczynski,Envelopes,3/18/24,1/7/25,-295,4,383.81,55.33,14.40,3.75,95.95,383.81,55.33,14.42,3.75,95.95
SC-20680,Steve Carroll,Paper,8/26/24,1/7/25,-134,8,1254.64,370.16,29.50,3.25,156.83,1254.64,370.16,29.50,3.25,156.83
TC-21475,Tony Chapman,Binders,7/30/24,1/7/25,-161,11,1244.98,119.10,9.60,4.09,113.18,1353.36,227.49,16.81,4.09,123.03
SP-20920,Susan Pistek,Paper,10/21/24,1/7/25,-78,14,3990.69,14.69,0.40,4.07,285.05,4683.98,707.98,15.11,4.07,334.57
SS-20140,Saphhira Shifley,Furnishings,12/15/24,1/7/25,-23,21,1324.03,332.35,25.10,4.1,63.05,1324.81,333.13,25.15,4.1,63.09
SM-20005,Sally Matthias,Envelopes,11/4/23,1/7/25,-430,6,244.49,-26.59,-10.90,4.33,40.75,265.76,-5.32,-2.00,4.33,44.29
PB-19210,Phillip Breyer,Envelopes,2/11/23,1/7/25,-696,2,132.74,21.90,16.50,5,66.37,132.74,21.90,16.50,5,66.37
NG-18355,Nat Gilpin,Art,11/12/24,1/7/25,-56,16,1869.58,313.63,16.80,2.81,116.85,1891.06,335.12,17.72,2.81,118.19
NG-18430,Nathan Gelder,Art,11/12/24,1/7/25,-56,9,1395.94,217.09,15.60,4.56,155.1,1395.94,217.09,15.55,4.56,155.10
AT-10435,Alyssa Tate,Binders,12/9/24,1/7/25,-29,9,1171.81,100.88,8.60,3.11,130.2,1352.92,281.98,20.84,3.11,150.32
HR-14830,Harold Ryan,Binders,7/24/24,1/7/25,-167,14,5248.79,"1,196.95",22.80,3.64,374.91,5554.07,1502.23,27.05,3.64,396.72
DK-12985,Darren Koutras,Storage,12/23/24,1/7/25,-15,8,1687.04,-107.35,-6.40,4,210.88,1799.32,4.93,0.27,4,224.92
JP-11135,James Peterman,Furnishings,12/29/24,1/7/25,-9,6,515.2,186.68,36.20,7.5,85.87,515.20,186.68,36.23,7.5,85.87
AR-10540,Andy Reiter,Furnishings,12/24/24,1/7/25,-14,9,6608.45,"2,884.62",43.70,3.67,734.27,7766.80,4042.97,52.05,3.67,862.98
BF-11080,Bart Folk,Art,12/5/24,1/7/25,-33,6,272.95,110.93,40.60,4.83,45.49,272.95,110.93,40.64,4.83,45.49
MO-17500,Mary O'Rourke,Binders,10/19/24,1/7/25,-80,5,922.49,59.36,6.40,3,184.5,1088.66,225.53,20.72,3,217.73
MC-17635,Matthew Clasen,Envelopes,6/24/24,1/7/25,-197,8,795.15,-247.94,-31.20,4.13,99.39,841.71,-201.38,-23.93,4.13,105.21
BT-11680,Brian Thompson,Machines,12/10/24,1/7/25,-28,20,3196.75,447.75,14.00,4.4,159.84,3555.35,806.34,22.68,4.4,177.77
BS-11380,Bill Stewart,Fasteners,12/2/24,1/7/25,-36,13,3887.83,-17.53,-0.50,4.46,299.06,4243.04,337.67,7.96,4.46,326.39
AH-10210,Alan Hwang,Fasteners,12/24/24,1/7/25,-14,13,4805.34,"1,308.55",27.20,4.08,369.64,5160.78,1663.99,32.24,4.08,396.98
TR-21325,Toby Ritter,Furnishings,6/20/24,1/7/25,-201,7,675.94,220.36,32.60,3.14,96.56,675.94,220.36,32.60,3.14,96.56
DP-13165,David Philippe,Bookcases,10/10/22,1/7/25,-820,4,1058.62,-40.94,-3.90,5,264.65,1244.74,145.19,11.66,5,311.19
MD-17860,Michael Dominguez,Furnishings,11/24/24,1/7/25,-44,8,1204.91,-4.04,-0.30,5.63,150.61,1208.71,-0.24,-0.02,5.63,151.09
MC-17575,Matt Collins,Appliances,12/3/24,1/7/25,-35,11,1303.89,210.75,16.20,3.64,118.54,1310.70,217.55,16.60,3.64,119.15
EM-13825,Elizabeth Moffitt,Paper,11/5/24,1/7/25,-63,16,2339.6,682.55,29.20,3.56,146.22,2396.95,739.91,30.87,3.56,149.81
KN-16390,Katherine Nockton,Accessories,12/11/24,1/7/25,-27,17,2617.27,-151.15,-5.80,3.29,153.96,2959.75,191.32,6.46,3.29,174.10
MK-19560,Michael Knudson,Furnishings,12/2/24,1/7/25,-36,8,225.7,-74.14,-32.90,6,28.21,225.70,-74.14,-32.85,6,28.21
CP-12085,Cathy Prescott,Phones,10/9/24,1/7/25,-90,14,5402.25,427.03,7.90,4.07,385.88,5445.49,470.26,8.64,4.07,388.96
JB-15925,Joni Blumstein,Appliances,12/24/22,1/7/25,-745,8,900.55,-286.98,-31.90,4,112.57,1000.50,-187.03,-18.69,4,125.06
RL-19615,Rob Lucas,Art,8/31/24,1/7/25,-129,24,6234.91,488.15,7.80,4.21,259.79,6675.59,928.82,13.91,4.21,278.15
NB-18655,Nona Balk,Envelopes,12/11/24,1/7/25,-27,17,1972.6,117.64,6.00,3.76,116.04,2078.84,223.89,10.77,3.76,122.28
RC-19825,Roy Collins,Storage,12/26/23,1/7/25,-378,10,966.41,63.99,6.60,2.9,96.64,1038.62,136.21,13.11,2.9,103.86
DK-13150,David Kendrick,Storage,12/20/24,1/7/25,-18,5,797.83,249.94,31.30,4,159.57,807.90,260.02,32.18,4,161.58
FP-14320,Frank Preis,Art,12/7/24,1/7/25,-31,14,4046.75,406.45,10.00,3.86,289.05,4475.23,834.93,18.66,3.86,319.66
DJ-13420,Denny Joy,Furnishings,4/2/23,1/7/25,-646,5,2012.52,483.04,24.00,4,402.5,2382.09,852.60,35.79,4,476.42
TB-21250,Tim Brockman,Binders,1/15/24,1/7/25,-358,19,1602.38,260.62,16.30,3.89,84.34,1713.28,371.52,21.68,3.89,90.17
TB-21175,Thomas Boland,Storage,11/2/24,1/7/25,-66,11,3589.3,829.16,23.10,3.27,326.3,3787.35,1027.22,27.12,3.27,344.30
SH-19975,Sally Hughsby,Chairs,12/1/24,1/7/25,-37,29,3406.84,558.47,16.40,3.9,117.48,3721.87,873.51,23.47,3.9,128.34
LH-17155,Logan Haushalter,Furnishings,12/10/23,1/7/25,-394,19,1739.69,316.52,18.20,2.32,91.56,1829.13,405.96,22.19,2.32,96.27
CY-12745,Craig Yedwab,Binders,10/31/24,1/7/25,-68,11,2900.03,60.65,2.10,3.91,263.64,2959.56,120.18,4.06,3.91,269.05
KC-16675,Kimberly Carter,Binders,11/3/24,1/7/25,-65,7,1146.05,156.78,13.70,5.71,163.72,1288.01,298.74,23.19,5.71,184.00
RA-19285,Ralph Arnett,Supplies,12/25/24,1/7/25,-13,17,2617.91,546.09,20.90,3.41,153.99,2756.97,685.15,24.85,3.41,162.17
SS-20875,Sung Shariari,Tables,9/1/24,1/7/25,-128,15,964.64,-75.59,-7.80,2.6,64.31,1068.62,28.40,2.66,2.6,71.24
CS-11845,Cari Sayre,Binders,9/30/24,1/7/25,-99,8,1278.95,185.38,14.50,2.75,159.87,1480.27,386.70,26.12,2.75,185.03
SP-20860,Sung Pak,Furnishings,10/12/24,1/7/25,-87,24,4282.94,566.72,13.20,3.33,178.46,4647.41,931.19,20.04,3.33,193.64
SH-20635,Stefanie Holloman,Chairs,11/26/22,1/7/25,-773,2,2096.39,260.63,12.40,8,1048.2,2377.18,541.41,22.78,8,1188.59
CC-12100,Chad Cunningham,Chairs,9/29/23,1/7/25,-466,13,1770.95,208.59,11.80,3.54,136.23,1823.31,260.95,14.31,3.54,140.25
SC-20305,Sean Christensen,Furnishings,12/1/24,1/7/25,-37,12,3979.07,229.16,5.80,5.33,331.59,4621.24,871.34,18.86,5.33,385.10
SC-20695,Steve Chapman,Paper,10/2/24,1/7/25,-97,14,2576.41,611.83,23.70,4.71,184.03,2616.80,652.22,24.92,4.71,186.91
EC-14050,Erin Creighton,Binders,11/7/24,1/7/25,-61,7,461.91,96.43,20.90,5.29,65.99,470.64,105.15,22.34,5.29,67.23
IM-15070,Irene Maddox,Chairs,12/5/23,1/7/25,-399,21,4930.47,514.65,10.40,4.43,234.78,5495.82,1080.00,19.65,4.43,261.71
MK-18160,Mike Kennedy,Binders,5/4/24,1/7/25,-248,11,1031.6,227.83,22.10,3.91,93.78,1032.56,228.80,22.16,3.91,93.87
TS-21505,Tony Sayre,Chairs,12/19/24,1/7/25,-19,14,2243.27,11.38,0.50,3.86,160.23,2402.63,170.73,7.11,3.86,171.62
PS-19045,Penelope Sewall,Tables,5/8/24,1/7/25,-244,13,6843.63,"1,742.73",25.50,3.62,526.43,7410.79,2309.88,31.17,3.62,570.06
AB-10105,Adrian Barton,Binders,11/19/24,1/7/25,-49,20,14473.57,"5,444.81",37.60,3.65,723.68,16823.57,7794.80,46.33,3.65,841.18
KM-16660,Khloe Miller,Art,12/15/24,1/7/25,-23,9,453.54,91.14,20.10,3.33,50.39,453.54,91.14,20.10,3.33,50.39
TW-21025,Tamara Willingham,Binders,10/27/24,1/7/25,-72,12,5278.83,737.39,14.00,4.75,439.9,6179.86,1638.42,26.51,4.75,514.99
CC-12670,Craig Carreira,Chairs,12/1/24,1/7/25,-37,14,2269.7,187.84,8.30,3.36,162.12,2470.70,388.84,15.74,3.36,176.48
SF-20200,Sarah Foster,Appliances,11/1/24,1/7/25,-67,15,3422.79,286.90,8.40,4.93,228.19,3989.30,853.41,21.39,4.93,265.95
CK-12595,Clytie Kelty,Furnishings,11/17/24,1/7/25,-51,25,2372.75,497.71,21.00,4.32,94.91,2462.29,587.25,23.85,4.32,98.49
MG-17695,Maureen Gnade,Appliances,6/23/23,1/7/25,-564,7,1342.28,-398.79,-29.70,3.29,191.75,1342.28,-398.79,-29.71,3.29,191.75
TB-21190,Thomas Brumley,Chairs,11/11/24,1/7/25,-57,4,816.17,179.00,21.90,5.75,204.04,970.86,333.69,34.37,5.75,242.72
MG-17890,Michael Granlund,Furnishings,9/22/24,1/7/25,-107,13,776.38,171.74,22.10,2.69,59.72,830.71,226.07,27.21,2.69,63.90
RE-19405,Ricardo Emerson,Appliances,12/29/21,1/7/25,-1105,1,48.36,6.05,12.50,5,48.36,48.36,6.05,12.50,5,48.36
DC-13285,Debra Catini,Storage,12/7/24,1/7/25,-31,7,1174.62,132.07,11.20,5.29,167.8,1236.15,193.60,15.66,5.29,176.59
BG-18435,Bruce Galang,Furnishings,12/29/24,1/7/25,-9,12,609.88,208.66,34.20,3.75,50.82,609.88,208.66,34.21,3.75,50.82
KB-16600,Ken Brennan,Art,12/29/24,1/7/25,-9,9,983.92,293.55,29.80,3.22,109.32,984.34,293.97,29.86,3.22,109.37
MF-17665,Maureen Fritzler,Binders,11/4/23,1/7/25,-430,8,937.04,-341.53,-36.40,4.5,117.13,1048.52,-230.05,-21.94,4.5,131.06
HO-15230,Harry Olson,Binders,12/30/24,1/7/25,-8,2,6.05,-1.21,-20.00,3,3.02,7.26,0.00,0.00,3,3.63
PC-18745,Pamela Coakley,Bookcases,12/28/24,1/7/25,-10,5,1832.06,272.69,14.90,4.4,366.41,2161.00,601.62,27.84,4.4,432.20
JL-15175,James Lanier,Phones,12/24/24,1/7/25,-14,7,1571.52,209.28,13.30,4.14,224.5,1769.53,407.28,23.02,4.14,252.79
CB-12535,Claudia Bergmann,Art,6/16/24,1/7/25,-205,19,4246.46,"1,049.56",24.70,3.89,223.5,4583.89,1387.00,30.26,3.89,241.26
AH-10465,Amy Hunt,Bookcases,5/14/24,1/7/25,-238,8,2495.39,-196.12,-7.90,4.38,311.92,2780.09,88.58,3.19,4.38,347.51
AG-10495,Andrew Gjertsen,Furnishings,10/13/24,1/7/25,-86,21,2356.86,295.67,12.50,4.43,112.23,2434.56,373.37,15.34,4.43,115.93
CS-12490,Cindy Schnelling,Art,11/1/23,1/7/25,-433,9,1077.23,-302.88,-28.10,3.67,119.69,1189.69,-190.42,-16.01,3.67,132.19
YS-21880,Yana Sorensen,Storage,12/21/24,1/7/25,-17,12,6720.44,"1,778.29",26.50,4.83,560.04,7445.11,2502.95,33.62,4.83,620.43
KS-16300,Karen Seio,Labels,3/10/24,1/7/25,-303,4,88.47,0.11,0.10,2.5,22.12,91.09,2.73,3.00,2.5,22.77
CR-12820,Cyra Reiten,Art,10/6/24,1/7/25,-93,7,1397.87,83.27,6.00,3.71,199.7,1415.69,101.08,7.14,3.71,202.24
RW-19540,Rick Wilson,Furnishings,9/1/24,1/7/25,-128,23,7397.4,"1,586.63",21.40,3.87,321.63,7923.45,2112.68,26.66,3.87,344.50
TS-21655,Trudy Schmidt,Binders,5/6/24,1/7/25,-246,14,3368.09,220.92,6.60,3.71,240.58,3551.37,404.19,11.38,3.71,253.67
LO-17170,Lori Olson,Paper,12/28/24,1/7/25,-10,9,644.35,150.17,23.30,3.78,71.59,667.36,173.18,25.95,3.78,74.15
SJ-20215,Sarah Jordon,Chairs,12/1/24,1/7/25,-37,10,1341.04,-23.51,-1.80,3.5,134.1,1545.79,181.24,11.72,3.5,154.58
GT-14755,Guy Thornton,Tables,11/26/24,1/7/25,-42,7,226.44,-6.14,-2.70,3.29,32.35,240.26,7.68,3.20,3.29,34.32
LC-16960,Lindsay Castell,Appliances,10/20/23,1/7/25,-445,7,3246.63,299.48,9.20,4.29,463.8,3791.86,844.72,22.28,4.29,541.69
NP-18670,Nora Paige,Accessories,11/2/24,1/7/25,-66,10,3908.4,514.60,13.20,4.6,390.84,4339.38,945.58,21.79,4.6,433.94
TP-21565,Tracy Poddar,Phones,1/14/24,1/7/25,-359,10,1936.64,139.23,7.20,4.8,193.66,2087.67,290.26,13.90,4.8,208.77
DK-13090,Dave Kipp,Tables,11/18/24,1/7/25,-50,13,2650.56,536.39,20.20,2.54,203.89,2918.97,804.80,27.57,2.54,224.54
AH-10195,Alan Haines,Chairs,11/5/24,1/7/25,-63,8,1587.45,-378.55,-23.80,3.5,198.43,1667.03,-298.98,-17.93,3.5,208.38
JJ-15445,Jennifer Jackson,Fasteners,9/3/23,1/7/25,-492,6,709.18,200.56,28.30,4.17,118.2,716.50,207.88,29.01,4.17,119.42
DK-12895,Dana Kaydos,Bookcases,11/15/24,1/7/25,-53,15,4282.18,937.65,21.90,4.33,285.48,4577.09,1232.56,26.93,4.33,305.14
TG-21310,Toby Gnade,Labels,1/27/24,1/7/25,-346,9,3058.37,682.17,22.30,3.33,339.82,3383.29,1007.09,29.77,3.33,375.92
EB-13750,Edward Becker,Furnishings,11/25/24,1/7/25,-43,20,3236.31,-80.29,-2.50,4.55,161.82,3618.78,302.18,8.35,4.55,180.94
JE-15475,Jeremy Ellison,Tables,6/20/24,1/7/25,-201,13,1388.68,276.22,19.90,3.77,106.82,1435.48,323.01,22.50,3.77,110.42
CM-12385,Christopher Martinez,Art,11/23/24,1/7/25,-45,10,8954.02,"3,899.89",43.60,3.4,895.4,10629.46,5575.33,52.45,3.4,1062.95
CM-12655,Corinna Mitchell,Bookcases,12/3/24,1/7/25,-35,10,6339.56,"1,572.46",24.80,4.2,633.96,6861.62,2094.52,30.53,4.2,686.16
JO-15550,Jesus Ocampo,Phones,5/29/24,1/7/25,-223,11,1090.84,167.67,15.40,3.82,99.17,1095.53,172.37,15.73,3.82,99.59
BW-11110,Bart Watters,Paper,8/31/24,1/7/25,-129,17,4750.36,921.26,19.40,4.35,279.43,5501.54,1672.44,30.40,4.35,323.62
JW-16075,Julia West,Appliances,9/25/23,1/7/25,-470,7,1428.73,154.06,10.80,5.43,204.1,1431.30,156.63,10.94,5.43,204.47
FW-14395,Fred Wasserman,Art,1/2/24,1/7/25,-371,3,79.75,23.49,29.50,3,26.58,79.75,23.49,29.46,3,26.58
DB-13210,Dean Braden,Binders,12/21/24,1/7/25,-17,21,2332.58,169.97,7.30,3.57,111.08,2558.86,396.25,15.49,3.57,121.85
BP-11185,Ben Peterman,Appliances,12/29/24,1/7/25,-9,18,3675.86,363.60,9.90,3.83,204.21,3856.20,543.94,14.11,3.83,214.23
BV-11245,Benjamin Venier,Paper,1/30/24,1/7/25,-343,14,1523.27,315.22,20.70,3.5,108.81,1664.79,456.74,27.44,3.5,118.91
CM-12115,Chad McGuire,Paper,12/22/24,1/7/25,-16,7,1661.61,409.07,24.60,5,237.37,1735.44,482.90,27.83,5,247.92
MO-17950,Michael Oakman,Appliances,7/3/24,1/7/25,-188,4,154.29,-82.01,-53.20,3.5,38.57,154.29,-82.01,-53.15,3.5,38.57
JD-15790,John Dryer,Machines,9/4/24,1/7/25,-125,7,2152.35,-266.55,-12.40,3.71,307.48,2212.34,-206.57,-9.34,3.71,316.05
RD-19660,Robert Dilbeck,Storage,9/7/24,1/7/25,-122,5,2786.63,835.77,30.00,4.6,557.33,3332.51,1381.65,41.46,4.6,666.50
EB-14110,Eugene Barchas,Tables,9/8/24,1/7/25,-121,11,3071.13,184.77,6.00,2.73,279.19,3203.43,317.07,9.90,2.73,291.22
HJ-14875,Heather Jas,Paper,8/26/24,1/7/25,-134,6,358.1,98.65,27.50,3.5,59.68,390.88,131.43,33.62,3.5,65.15
AW-10840,Anthony Witt,Supplies,12/10/24,1/7/25,-28,8,649.38,65.77,10.10,3,81.17,651.13,67.53,10.37,3,81.39
TP-21130,Theone Pippenger,Appliances,12/22/24,1/7/25,-16,16,4454.06,"1,129.13",25.40,3.44,278.38,4854.32,1529.39,31.51,3.44,303.39
OT-18730,Olvera Toch,Envelopes,10/26/24,1/7/25,-73,10,3818.62,-925.12,-24.20,5.1,381.86,4466.57,-277.17,-6.21,5.1,446.66
JK-16090,Juliana Krohn,Chairs,12/2/24,1/7/25,-36,9,3747.67,586.66,15.70,4.78,416.41,3838.40,677.39,17.65,4.78,426.49
LS-16945,Linda Southworth,Envelopes,7/5/24,1/7/25,-186,14,2845.27,-318.77,-11.20,3.64,203.23,3128.86,-35.19,-1.12,3.64,223.49
DB-13120,David Bremer,Furnishings,11/12/24,1/7/25,-56,14,2973.09,"-1,421.77",-47.80,4.21,212.36,3435.09,-959.78,-27.94,4.21,245.36
JB-16045,Julia Barnett,Furnishings,12/23/24,1/7/25,-15,9,2518.12,201.52,8.00,3.56,279.79,2518.52,201.93,8.02,3.56,279.84
LC-16870,Lena Cacioppo,Art,12/3/24,1/7/25,-35,30,2580.7,-188.25,-7.30,3.77,86.02,2702.01,-66.95,-2.48,3.77,90.07
SV-20815,Stuart Van,Art,10/15/24,1/7/25,-84,6,1271.09,199.65,15.70,4,211.85,1271.09,199.65,15.71,4,211.85
AG-10675,Anna Gayman,Tables,9/24/24,1/7/25,-105,15,3489.04,-246.43,-7.10,3.6,232.6,4024.84,289.37,7.19,3.6,268.32
RO-19780,Rose O'Brian,Binders,11/25/24,1/7/25,-43,12,3815.48,"-1,262.57",-33.10,4,317.96,4450.86,-627.19,-14.09,4,370.91
JH-16180,Justin Hirsh,Appliances,11/21/23,1/7/25,-413,5,2256.39,-96.95,-4.30,5.6,451.28,2360.93,7.59,0.32,5.6,472.19
NK-18490,Neil Knudson,Art,10/21/24,1/7/25,-78,11,572.05,121.22,21.20,4.64,52,596.05,145.22,24.36,4.64,54.19
EN-13780,Edward Nazzal,Appliances,3/18/24,1/7/25,-295,9,2199.37,496.11,22.60,3,244.37,2513.43,810.18,32.23,3,279.27
BD-11560,Brendan Dodson,Accessories,3/27/24,1/7/25,-286,4,320.54,116.71,36.40,2.75,80.14,320.54,116.71,36.41,2.75,80.14
BD-11320,Bill Donatelli,Chairs,11/27/24,1/7/25,-41,19,5718.52,"1,094.50",19.10,3.95,300.97,6597.36,1973.34,29.91,3.95,347.23
ML-18265,Muhammed Lee,Art,9/21/24,1/7/25,-108,3,162.23,42.66,26.30,2.33,54.08,162.23,42.66,26.30,2.33,54.08
CG-12040,Catherine Glotzbach,Paper,11/11/24,1/7/25,-57,9,904.47,86.51,9.60,4.11,100.5,914.06,96.10,10.51,4.11,101.56
BP-11155,Becky Pak,Accessories,10/2/24,1/7/25,-97,11,1697.86,647.38,38.10,2.91,154.35,1732.66,682.19,39.37,2.91,157.51
BB-11545,Brenda Bowman,Paper,12/2/24,1/7/25,-36,20,6765.73,"1,015.08",15.00,4.15,338.29,7724.82,1974.17,25.56,4.15,386.24
EM-13810,Eleni McCrary,Binders,8/20/24,1/7/25,-140,7,2567.01,-133.83,-5.20,3.29,366.72,3035.16,334.32,11.01,3.29,433.59
MJ-17740,Max Jones,Binders,12/8/24,1/7/25,-30,15,6320.75,"1,054.55",16.70,3.33,421.38,7421.37,2155.18,29.04,3.33,494.76
GB-14575,Giulietta Baptist,Furnishings,12/17/24,1/7/25,-21,16,4716.29,"1,135.84",24.10,3.94,294.77,5071.11,1490.66,29.40,3.94,316.94
JH-15910,Jonathan Howell,Phones,11/19/24,1/7/25,-49,9,959.48,-13.55,-1.40,3.89,106.61,1009.06,36.03,3.57,3.89,112.12
FC-14245,Frank Carlisle,Art,10/21/24,1/7/25,-78,14,3418.74,"1,217.17",35.60,3.57,244.2,3419.99,1218.41,35.63,3.57,244.28
SN-20560,Skye Norling,Furnishings,9/10/24,1/7/25,-119,15,1860.42,-716.86,-38.50,4.47,124.03,2059.20,-518.08,-25.16,4.47,137.28
SC-20770,Stewart Carmichael,Furnishings,11/19/24,1/7/25,-49,21,4492.66,-671.19,-14.90,3.57,213.94,4825.17,-338.68,-7.02,3.57,229.77
SW-20455,Shaun Weien,Binders,7/21/24,1/7/25,-170,9,2921.54,793.65,27.20,2,324.62,3237.38,1109.49,34.27,2,359.71
CH-12070,Cathy Hwang,Paper,2/8/23,1/7/25,-699,4,1537.24,195.15,12.70,3.25,384.31,1537.24,195.15,12.69,3.25,384.31
RH-19600,Rob Haberlin,Chairs,7/14/23,1/7/25,-543,11,2085.74,172.63,8.30,3.91,189.61,2243.85,330.73,14.74,3.91,203.99
BD-11725,Bruce Degenhardt,Chairs,9/28/24,1/7/25,-101,10,1526.5,333.98,21.90,2.9,152.65,1589.87,397.35,24.99,2.9,158.99
VP-21730,Victor Preis,Binders,11/30/24,1/7/25,-38,5,993.9,205.39,20.70,3.6,198.78,1012.86,224.35,22.15,3.6,202.57
KM-16225,Kalyca Meade,Furnishings,12/16/24,1/7/25,-22,19,2260.96,635.11,28.10,3.79,119,2387.13,761.28,31.89,3.79,125.64
FM-14380,Fred McMath,Phones,12/9/24,1/7/25,-29,18,2732,218.01,8.00,3.5,151.78,2834.21,320.23,11.30,3.5,157.46
VB-21745,Victoria Brennan,Fasteners,11/6/24,1/7/25,-62,10,2005.6,371.24,18.50,3.7,200.56,2010.38,376.02,18.70,3.7,201.04
TS-21085,Thais Sissman,Binders,1/7/24,1/7/25,-366,2,4.83,-3.32,-68.60,2,2.42,5.80,-2.35,-40.50,2,2.90
RK-19300,Ralph Kennedy,Envelopes,9/2/24,1/7/25,-127,8,1460.19,269.69,18.50,3.63,182.52,1502.13,311.62,20.75,3.63,187.77
BE-11455,Brad Eason,Chairs,4/20/24,1/7/25,-262,13,1727.65,139.20,8.10,3.08,132.9,1756.77,168.32,9.58,3.08,135.14
PN-18775,Parhena Norris,Binders,11/30/24,1/7/25,-38,13,1467.15,192.04,13.10,3.62,112.86,1661.20,386.09,23.24,3.62,127.78
EM-14095,Eudokia Martin,Labels,9/8/24,1/7/25,-121,10,1041.04,240.24,23.10,3.4,104.1,1053.93,253.12,24.02,3.4,105.39
PO-19180,Philisse Overcash,Art,7/23/24,1/7/25,-168,18,4893.04,"1,155.43",23.60,3.61,271.84,5128.97,1391.36,27.13,3.61,284.94
TT-21265,Tim Taslimi,Storage,11/19/23,1/7/25,-415,3,439.5,93.92,21.40,2.67,146.5,439.50,93.92,21.37,2.67,146.50
JW-15955,Joni Wasserman,Bookcases,12/25/24,1/7/25,-13,11,1244.09,-29.58,-2.40,3.73,113.1,1404.24,130.58,9.30,3.73,127.66
SC-20440,Shaun Chance,Binders,11/24/24,1/7/25,-44,10,1875,379.56,20.20,4.4,187.5,1911.29,415.86,21.76,4.4,191.13
RB-19705,Roger Barcio,Art,11/6/24,1/7/25,-62,7,2067.45,243.08,11.80,3.14,295.35,2241.48,417.11,18.61,3.14,320.21
DP-13105,Dave Poirier,Binders,12/24/24,1/7/25,-14,14,2215,563.18,25.40,4.5,158.21,2507.10,855.27,34.11,4.5,179.08
FH-14350,Fred Harton,Appliances,6/1/24,1/7/25,-220,14,2271.28,706.29,31.10,3.71,162.23,2272.04,707.05,31.12,3.71,162.29
KW-16435,Katrina Willman,Accessories,9/25/24,1/7/25,-104,10,4416.52,"1,756.14",39.80,4.2,441.65,5130.80,2470.42,48.15,4.2,513.08
CA-12055,Cathy Armstrong,Binders,11/24/23,1/7/25,-410,10,1679.72,211.26,12.60,4.9,167.97,1816.38,347.91,19.15,4.9,181.64
NM-18520,Neoma Murray,Paper,4/30/24,1/7/25,-252,15,2161.98,788.95,36.50,4,144.13,2170.68,797.65,36.75,4,144.71
BO-11425,Bobby Odegard,Art,10/16/24,1/7/25,-83,2,130.83,59.45,45.40,3.5,65.42,155.78,84.40,54.18,3.5,77.89
KD-16615,Ken Dana,Chairs,3/16/24,1/7/25,-297,13,2243.51,539.72,24.10,4.31,172.58,2460.96,757.17,30.77,4.31,189.30
BM-11575,Brendan Murry,Bookcases,9/21/24,1/7/25,-108,10,808.16,95.58,11.80,2.2,80.82,868.20,155.62,17.92,2.2,86.82
AC-10615,Ann Chong,Binders,12/24/24,1/7/25,-14,18,2537.69,298.83,11.80,3.28,140.98,2851.07,612.22,21.47,3.28,158.39
MO-17800,Meg O'Connel,Paper,9/17/24,1/7/25,-112,11,1687.03,169.34,10.00,4.45,153.37,1894.99,377.31,19.91,4.45,172.27
AB-10060,Adam Bellavance,Paper,11/6/24,1/7/25,-62,18,7755.62,"2,054.59",26.50,3.11,430.87,9133.75,3432.72,37.58,3.11,507.43
CM-12190,Charlotte Melton,Storage,12/22/24,1/7/25,-16,7,1475.14,91.20,6.20,3,210.73,1633.32,249.38,15.27,3,233.33
JR-16210,Justin Ritter,Accessories,11/27/24,1/7/25,-41,10,2201.69,452.37,20.50,4.1,220.17,2317.57,568.26,24.52,4.1,231.76
SJ-20125,Sanjit Jacobs,Art,9/26/24,1/7/25,-103,24,3949.66,144.12,3.60,4.33,164.57,4130.47,324.93,7.87,4.33,172.10
CM-11935,Carlos Meador,Phones,1/22/23,1/7/25,-716,4,565.39,-43.73,-7.70,4.5,141.35,655.62,46.49,7.09,4.5,163.90
DR-12880,Dan Reichenbach,Accessories,12/27/24,1/7/25,-11,24,6528.03,"1,641.86",25.20,4.29,272,6927.71,2041.54,29.47,4.29,288.65
BS-11800,Bryan Spruell,Envelopes,4/9/24,1/7/25,-273,8,949.43,194.05,20.40,2.75,118.68,949.43,194.05,20.44,2.75,118.68
HW-14935,Helen Wasserman,Art,9/4/24,1/7/25,-125,20,9300.25,"2,164.16",23.30,4.25,465.01,9927.73,2791.64,28.12,4.25,496.39
EM-13960,Eric Murdock,Binders,8/1/24,1/7/25,-159,6,933.7,102.30,11.00,3,155.62,934.30,102.89,11.01,3,155.72
HM-14980,Henry MacAllister,Binders,4/27/24,1/7/25,-255,7,736.28,117.28,15.90,4.14,105.18,750.27,131.27,17.50,4.14,107.18
JJ-15760,Joel Jenkins,Appliances,12/8/22,1/7/25,-761,3,195,34.45,17.70,3.67,65,195.00,34.45,17.67,3.67,65.00
GH-14485,Gene Hale,Furnishings,12/8/23,1/7/25,-396,3,1361.24,-95.45,-7.00,5,453.75,1361.24,-95.45,-7.01,5,453.75
SO-20335,Sean O'Donnell,Tables,12/1/24,1/7/25,-37,15,2602.58,-81.09,-3.10,3.47,173.51,2967.72,284.06,9.57,3.47,197.85
CG-12520,Claire Gute,Furnishings,1/26/24,1/7/25,-347,5,1148.78,169.93,14.80,2.8,229.76,1347.56,368.71,27.36,2.8,269.51
JF-15355,Jay Fein,Chairs,9/16/24,1/7/25,-113,16,1911.84,330.20,17.30,3.63,119.49,2199.95,618.30,28.11,3.63,137.50
MY-17380,Maribeth Yedwab,Labels,12/1/24,1/7/25,-37,13,2254.29,319.12,14.20,3.77,173.41,2424.92,489.76,20.20,3.77,186.53
SG-20080,Sandra Glassco,Bookcases,12/22/24,1/7/25,-16,11,3406.58,570.44,16.70,2.73,309.69,3636.05,799.90,22.00,2.73,330.55
EG-13900,Emily Grady,Appliances,12/8/24,1/7/25,-30,9,1832.02,104.27,5.70,4.89,203.56,2066.36,338.60,16.39,4.89,229.60
KC-16540,Kelly Collister,Accessories,9/24/24,1/7/25,-105,5,3908.26,709.42,18.20,5.6,781.65,3908.72,709.88,18.16,5.6,781.74
CB-12415,Christy Brittain,Binders,12/4/24,1/7/25,-34,12,1949.2,272.39,14.00,3.67,162.43,1952.07,275.26,14.10,3.67,162.67
MT-17815,Meg Tillman,Binders,11/11/24,1/7/25,-57,10,2890.14,509.01,17.60,3.1,289.01,3377.04,995.90,29.49,3.1,337.70
MZ-17335,Maria Zettner,Fasteners,11/30/24,1/7/25,-38,6,593.61,85.02,14.30,1.83,98.93,593.61,85.02,14.32,1.83,98.93
GH-14665,Greg Hansen,Supplies,12/28/24,1/7/25,-10,3,146.94,-5.81,-4.00,3,48.98,162.71,9.96,6.12,3,54.24
KB-16405,Katrina Bavinger,Furnishings,9/4/24,1/7/25,-125,9,908.82,274.30,30.20,2.78,100.98,963.33,328.81,34.13,2.78,107.04
PB-18805,Patrick Bzostek,Binders,12/5/24,1/7/25,-33,10,740.36,229.23,31.00,5.4,74.04,806.73,295.60,36.64,5.4,80.67
TP-21415,Tom Prescott,Furnishings,9/17/24,1/7/25,-112,10,5329,"-1,087.39",-20.40,3.9,532.9,6298.70,-117.69,-1.87,3.9,629.87
RH-19555,Ritsa Hightower,Binders,7/29/23,1/7/25,-528,3,740.38,0.31,0.00,3.67,246.79,747.51,7.43,0.99,3.67,249.17
MH-17620,Matt Hagelstein,Furnishings,7/28/24,1/7/25,-163,6,1252.8,122.36,9.80,3.17,208.8,1256.16,125.72,10.01,3.17,209.36
SU-20665,Stephanie Ulpright,Binders,12/10/24,1/7/25,-28,18,2595.36,763.47,29.40,3.39,144.19,2738.24,906.35,33.10,3.39,152.12
AF-10870,Art Ferguson,Appliances,11/19/24,1/7/25,-49,16,2052.91,317.97,15.50,3.19,128.31,2140.72,405.79,18.96,3.19,133.80
TT-21460,Tonja Turnell,Paper,12/18/24,1/7/25,-20,14,5364.81,"1,124.50",21.00,3.43,383.2,5582.12,1341.81,24.04,3.43,398.72
SC-20800,Stuart Calhoun,Storage,11/30/24,1/7/25,-38,5,279.26,51.83,18.60,2.2,55.85,279.26,51.83,18.56,2.2,55.85
DJ-13630,Doug Jacobs,Phones,12/18/24,1/7/25,-20,8,3356.4,731.56,21.80,5.38,419.55,3587.66,962.82,26.84,5.38,448.46
PM-19135,Peter McVee,Tables,11/9/24,1/7/25,-59,7,4115.66,526.75,12.80,5.14,587.95,4326.29,737.39,17.04,5.14,618.04
EM-14200,Evan Minnotte,Labels,7/25/24,1/7/25,-166,4,366.82,21.77,5.90,3.25,91.71,426.45,81.40,19.09,3.25,106.61
ER-13855,Elpida Rittenbach,Appliances,11/4/23,1/7/25,-430,5,1245.79,-295.74,-23.70,5.4,249.16,1421.05,-120.48,-8.48,5.4,284.21
JR-15670,Jim Radford,Bookcases,5/16/23,1/7/25,-602,3,1156.66,-785.16,-67.90,4.67,385.55,1274.67,-667.15,-52.34,4.67,424.89
DL-13495,Dionis Lloyd,Bookcases,10/15/24,1/7/25,-84,12,3539.32,-52.79,-1.50,2.75,294.94,3739.04,146.93,3.93,2.75,311.59
BT-11485,Brad Thomas,Appliances,3/11/23,1/7/25,-668,3,415.2,126.87,30.60,3.67,138.4,415.20,126.87,30.56,3.67,138.40
BO-11350,Bill Overfelt,Tables,8/15/24,1/7/25,-145,12,2682.73,278.78,10.40,3.58,223.56,3158.99,755.04,23.90,3.58,263.25
EB-13975,Erica Bern,Copiers,12/30/24,1/7/25,-8,6,1643.26,162.88,9.90,3,273.88,1651.00,170.62,10.33,3,275.17
JB-16000,Joy Bell-,Furnishings,11/17/24,1/7/25,-51,7,644.12,126.76,19.70,4.57,92.02,744.53,227.17,30.51,4.57,106.36
BE-11335,Bill Eplett,Paper,9/2/24,1/7/25,-127,9,4204.68,"1,487.77",35.40,3.89,467.19,4204.68,1487.77,35.38,3.89,467.19
TB-21355,Todd Boyes,Art,8/6/24,1/7/25,-154,13,834.33,268.97,32.20,3.38,64.18,920.14,354.78,38.56,3.38,70.78
HE-14800,Harold Engle,Paper,12/18/24,1/7/25,-20,11,883.53,274.40,31.10,4,80.32,883.53,274.40,31.06,4,80.32
BE-11410,Bobby Elias,Paper,9/23/24,1/7/25,-106,5,2261.44,755.92,33.40,3.8,452.29,2273.66,768.14,33.78,3.8,454.73
DW-13540,Don Weiss,Furnishings,9/23/24,1/7/25,-106,9,344.08,69.67,20.20,2.33,38.23,345.46,71.04,20.57,2.33,38.38
JG-15310,Jason Gross,Chairs,12/28/24,1/7/25,-10,11,2240.58,3.80,0.20,4.18,203.69,2467.82,231.04,9.36,4.18,224.35
CJ-12010,Caroline Jumper,Bookcases,6/24/24,1/7/25,-197,20,11164.97,858.74,7.70,4.15,558.25,13224.02,2917.79,22.06,4.15,661.20
BD-11770,Bryan Davis,Accessories,2/6/24,1/7/25,-336,10,658.47,141.27,21.50,2.1,65.85,717.40,200.20,27.91,2.1,71.74
HZ-14950,Henia Zydlo,Furnishings,11/25/24,1/7/25,-43,6,886.52,-130.39,-14.70,3.5,147.75,1031.30,14.40,1.40,3.5,171.88
SV-20935,Susan Vittorini,Furnishings,12/28/24,1/7/25,-10,13,1903.49,106.89,5.60,5.08,146.42,1974.28,177.68,9.00,5.08,151.87
JT-12540,Jill Trafton,Bookcases,3/19/24,1/7/25,-294,2,144.59,-197.60,-136.70,1,72.29,173.51,-168.69,-97.22,1,86.75
JM-15250,Janet Martin,Furnishings,11/23/24,1/7/25,-45,19,3159.12,19.82,0.60,4.79,166.27,3504.96,365.66,10.43,4.79,184.47
RB-19360,Raymond Buch,Art,9/25/24,1/7/25,-104,18,15117.34,"6,976.10",46.10,3.94,839.85,15119.59,6978.35,46.15,3.94,839.98
SW-20350,Sean Wendt,Binders,7/21/24,1/7/25,-170,6,1019.04,95.84,9.40,4.17,169.84,1026.89,103.68,10.10,4.17,171.15
JM-15580,Jill Matthias,Binders,12/30/24,1/7/25,-8,7,303.95,113.12,37.20,3.71,43.42,330.07,139.24,42.19,3.71,47.15
CR-12580,Clay Rozendal,Paper,11/3/24,1/7/25,-65,6,2148.85,74.40,3.50,5.33,358.14,2485.59,411.14,16.54,5.33,414.27
EL-13735,Ed Ludwig,Furnishings,10/14/24,1/7/25,-85,2,124.28,27.12,21.80,4.5,62.14,131.81,34.65,26.29,4.5,65.91
CL-12700,Craig Leslie,Chairs,9/16/24,1/7/25,-113,8,2353.59,229.01,9.70,4.25,294.2,2621.11,496.54,18.94,4.25,327.64
RB-19570,Rob Beeghly,Furnishings,12/5/24,1/7/25,-33,9,528.55,76.89,14.50,3.89,58.73,578.03,126.37,21.86,3.89,64.23
CM-12235,Chris McAfee,Art,12/10/23,1/7/25,-394,8,2305.71,365.04,15.80,3.5,288.21,2441.70,501.03,20.52,3.5,305.21
SM-20905,Susan MacKendrick,Furnishings,5/3/23,1/7/25,-615,6,1043.04,-237.29,-22.70,3.33,173.84,1088.03,-192.30,-17.67,3.33,181.34
LW-16990,Lindsay Williams,Tables,11/27/24,1/7/25,-41,11,3230.31,662.83,20.50,3.45,293.66,3693.12,1125.65,30.48,3.45,335.74
CV-12805,Cynthia Voltz,Appliances,12/25/24,1/7/25,-13,19,2370.31,99.00,4.20,3.26,124.75,2475.42,204.10,8.25,3.26,130.29
AS-10285,Alejandro Savely,Binders,12/11/24,1/7/25,-27,8,3214.24,354.63,11.00,4.88,401.78,3760.32,900.72,23.95,4.88,470.04
CC-12370,Christopher Conant,Binders,11/17/24,1/7/25,-51,11,12129.07,"2,177.05",17.90,3.09,1102.64,12233.23,2281.21,18.65,3.09,1112.11
RW-19690,Robert Waldorf,Binders,10/12/24,1/7/25,-87,15,3495.65,707.55,20.20,4.07,233.04,3502.28,714.19,20.39,4.07,233.49
LP-17095,Liz Preis,Furnishings,12/21/24,1/7/25,-17,15,3653.4,338.45,9.30,3.47,243.56,3678.23,363.28,9.88,3.47,245.22
SC-20230,Scot Coram,Paper,8/3/24,1/7/25,-157,11,4371.96,440.14,10.10,4.45,397.45,4951.90,1020.09,20.60,4.45,450.17
RS-19870,Roy Skaria,Fasteners,12/11/24,1/7/25,-27,3,22.33,9.58,42.90,3.33,7.44,23.41,10.66,45.56,3.33,7.80
DV-13045,Darrin Van Huff,Labels,12/11/24,1/7/25,-27,9,1119.48,-427.18,-38.20,3.11,124.39,1314.53,-232.14,-17.66,3.11,146.06
HO-15234,Harry Olson,Chairs,3/16/24,1/7/25,-297,2,281.34,109.72,39.00,3,140.67,337.61,165.99,49.17,3,168.80
HO-15233,Harry Olson,Chairs,3/16/24,1/7/25,-297,2,39.36,13.78,35.00,5,19.68,47.23,21.65,45.83,5,23.62
HO-15232,Harry Olson,Art,3/16/24,1/7/25,-297,2,140.93,45.80,32.50,6,70.46,140.93,45.80,32.50,6,70.46
HO-15231,Harry Olson,Binders,3/16/24,1/7/25,-297,2,620.24,161.26,26.00,2,310.12,744.29,285.31,38.33,2,372.14
JS-15685,Jim Sink,Tables,11/18/24,1/7/25,-50,11,1131.06,-54.87,-4.90,3.82,102.82,1204.86,18.93,1.57,3.82,109.53
TB-21055,Ted Butterfield,Chairs,9/2/24,1/7/25,-127,18,1467.88,390.21,26.60,3.67,81.55,1596.18,518.51,32.48,3.67,88.68
LD-16855,Lela Donovan,Art,6/26/23,1/7/25,-561,1,5.3,0.46,8.80,3,5.3,5.30,0.46,8.75,3,5.30
PF-19225,Phillip Flathmann,Phones,9/7/24,1/7/25,-122,10,2206.13,591.31,26.80,3.2,220.61,2251.89,637.08,28.29,3.2,225.19
AR-10570,Anemone Ratner,Furnishings,7/14/23,1/7/25,-543,2,88.15,32.63,37.00,3,44.08,95.43,39.91,41.82,3,47.72
LB-16735,Larry Blacks,Fasteners,11/12/24,1/7/25,-56,3,50.19,18.65,37.20,4,16.73,50.19,18.65,37.16,4,16.73
AG-10330,Alex Grayson,Envelopes,12/22/24,1/7/25,-16,9,660.97,-5.14,-0.80,5.22,73.44,698.75,32.64,4.67,5.22,77.64
ML-17755,Max Ludwig,Furnishings,12/1/24,1/7/25,-37,13,2071.91,409.51,19.80,4.08,159.38,2071.91,409.51,19.76,4.08,159.38
AO-10810,Anthony O'Donnell,Tables,8/16/23,1/7/25,-510,1,161.28,12.10,7.50,2,161.28,193.54,44.35,22.92,2,193.54
MH-18115,Mick Hernandez,Furnishings,12/25/24,1/7/25,-13,22,5503.09,170.97,3.10,3.59,250.14,5703.18,371.06,6.51,3.59,259.24
JS-13215,Jennifer Sheldon,Paper,9/26/24,1/7/25,-103,2,19.98,8.99,45.00,1,9.99,19.98,8.99,45.00,1,9.99
CM-12160,Charles McCrossin,Accessories,12/4/24,1/7/25,-34,7,2533.31,-394.37,-15.60,3.29,361.9,2935.09,7.40,0.25,3.29,419.30
SC-20845,Sung Chung,Art,8/21/24,1/7/25,-139,4,280.63,31.18,11.10,3.25,70.16,280.63,31.18,11.11,3.25,70.16
AS-10135,Adrian Shami,Furnishings,11/19/24,1/7/25,-49,3,58.82,21.85,37.10,3,19.61,67.08,30.11,44.88,3,22.36
RR-19315,Ralph Ritter,Labels,12/11/24,1/7/25,-27,4,615.93,-73.84,-12.00,1.75,153.98,720.02,30.26,4.20,1.75,180.01
NS-18505,Neola Schneider,Art,12/24/24,1/7/25,-14,15,2575.86,-12.30,-0.50,3.47,171.72,2787.68,199.52,7.16,3.47,185.85
CD-11980,Carol Darley,Paper,11/6/24,1/7/25,-62,6,639.77,-206.72,-32.30,3.67,106.63,676.36,-170.12,-25.15,3.67,112.73
SK-19990,Sally Knutson,Binders,12/22/24,1/7/25,-16,5,883.41,168.79,19.10,3.8,176.68,885.17,170.55,19.27,3.8,177.03
JE-16165,Justin Ellison,Chairs,12/10/24,1/7/25,-28,7,2697.25,789.65,29.30,4.86,385.32,3126.11,1218.51,38.98,4.86,446.59
CJ-11875,Carl Jackson,Art,12/30/23,1/7/25,-374,1,16.52,1.65,10.00,5,16.52,16.52,1.65,10.00,5,16.52
RM-19750,Roland Murray,Furnishings,3/6/24,1/7/25,-307,2,98.35,28.69,29.20,2,49.18,98.35,28.69,29.17,2,49.18
ML-18040,Michelle Lonsdale,Furnishings,10/12/24,1/7/25,-87,4,742.08,138.72,18.70,4.5,185.52,759.33,155.96,20.54,4.5,189.83
TM-21490,Tony Molinari,Envelopes,8/22/24,1/7/25,-138,4,1094.68,292.52,26.70,3,273.67,1136.68,334.52,29.43,3,284.17
MG-18205,Mitch Gastineau,Furnishings,4/10/24,1/7/25,-272,2,16.74,-1.25,-7.40,4,8.37,17.62,-0.36,-2.05,4,8.81
CC-12550,Clay Cheatham,Phones,12/3/24,1/7/25,-35,4,113.83,33.87,29.80,3.5,28.46,115.86,35.90,30.98,3.5,28.96
CS-12460,Chuck Sachs,Furnishings,12/3/24,1/7/25,-35,6,550.64,156.26,28.40,2.17,91.77,570.35,175.97,30.85,2.17,95.06
JC-15385,Jenna Caffey,Furnishings,7/8/24,1/7/25,-183,4,1058.11,502.92,47.50,3.5,264.53,1062.74,507.56,47.76,3.5,265.69
TC-21145,Theresa Coyne,Chairs,9/15/24,1/7/25,-114,4,1038.26,265.53,25.60,4.25,259.57,1140.85,368.13,32.27,4.25,285.21
PH-18790,Patricia Hirasaki,Chairs,10/21/24,1/7/25,-78,2,729.65,47.89,6.60,3,364.82,866.44,184.68,21.31,3,433.22
JR-15700,Jocasta Rupert,Phones,10/23/24,1/7/25,-76,1,863.88,107.99,12.50,3,863.88,863.88,107.99,12.50,3,863.88
CD-12280,Christina DeMoss,Chairs,11/18/24,1/7/25,-50,13,1205.58,233.03,19.30,3,92.74,1301.42,328.86,25.27,3,100.11